{
  "success": 0,
  "time": 0.261913,
  "dotName": "1bitAdderMaj_inverted",
  "dotPath": "/home/jeronimo/Documentos/GIT/PeR/benchmarks/qca/eval/1bitAdderMaj_inverted.dot",
  "placer": "SA",
  "wires": 58,
  "nNodes": 20,
  "tries": 80,
  "swaps": 40,
  "wrongEdges": 49,
  "area": 99,
  "usedAreaPercentage": 0.414141,
  "extraLayers": 1,
  "extraLayersLevels": [9],
  "placement": [-1, -1, -1, -1, -1, 17, 59, 58, 76, 57, 56, -1, -1, -1, -1, -1, 42, -1, -1, -1, -1, 55, -1, -1, -1, -1, 0, 1, -1, -1, -1, 20, 21, -1, 2, 8, 72, -1, -1, -1, -1, 70, 16, -1, -1, 10, 33, 12, -1, -1, -1, -1, 69, -1, -1, 30, 31, 32, 13, 15, -1, -1, -1, 68, -1, -1, 29, -1, -1, -1, 54, -1, -1, -1, 67, -1, -1, 28, -1, -1, -1, 53, -1, -1, -1, 4, 47, -1, 26, -1, -1, -1, 75, 52, 51, 50, 49, 48, -1, -1, -1, -1, -1, -1, -1, -1, -1, -1, -1, -1, -1, -1, -1, -1, -1, -1, -1, -1, -1, -1, -1],
  "n2c": [26, 27, 34, -1, 85, -1, -1, -1, 35, -1, 45, -1, 47, 58, -1, 59, 42, 5, -1, -1, 31, 32, -1, -1, -1, -1, 88, -1, 77, 66, 55, 56, 57, 46, -1, -1, -1, -1, -1, -1, -1, -1, 16, -1, -1, -1, -1, 86, 97, 96, 95, 94, 93, 81, 70, 21, 10, 9, 7, 6, -1, -1, -1, -1, -1, -1, -1, 74, 63, 52, 41, -1, 36, -1, -1, 92, 8, -1]
}
