{
  "success": 0,
  "time": 0.23309,
  "dotName": "1bitAdderMaj_inverted",
  "dotPath": "/home/jeronimo/Documentos/GIT/PeR/benchmarks/qca/eval/1bitAdderMaj_inverted.dot",
  "placer": "SA",
  "wires": 52,
  "nNodes": 20,
  "tries": 78,
  "swaps": 39,
  "wrongEdges": 44,
  "area": 99,
  "usedAreaPercentage": 0.40404,
  "extraLayers": 0,
  "extraLayersLevels": [],
  "placement": [-1, -1, 14, 24, -1, -1, -1, -1, -1, -1, -1, -1, -1, 26, 34, 35, 36, -1, -1, -1, -1, -1, -1, -1, -1, -1, 0, 37, 8, 2, -1, -1, -1, -1, -1, 17, 42, 1, 38, 39, 10, -1, -1, -1, -1, -1, 59, -1, -1, -1, -1, 12, -1, -1, -1, 56, 57, 58, -1, -1, -1, -1, 13, -1, -1, -1, 55, -1, -1, -1, -1, -1, -1, 15, 54, -1, -1, 21, 20, -1, -1, -1, -1, -1, -1, 53, -1, -1, -1, 16, 70, -1, -1, -1, -1, -1, 52, -1, -1, -1, -1, 69, -1, 47, 48, 49, 50, 51, -1, -1, -1, -1, 68, 67, 4, -1, -1, -1, -1, -1, -1],
  "n2c": [26, 37, 29, -1, 114, -1, -1, -1, 28, -1, 40, -1, 51, 62, 2, 73, 89, 35, -1, -1, 78, 77, -1, -1, 3, -1, 13, -1, -1, -1, -1, -1, -1, -1, 14, 15, 16, 27, 38, 39, -1, -1, 36, -1, -1, -1, -1, 103, 104, 105, 106, 107, 96, 85, 74, 66, 55, 56, 57, 46, -1, -1, -1, -1, -1, -1, -1, 113, 112, 101, 90, -1]
}
