{
  "success": 0,
  "time": 0.253164,
  "dotName": "1bitAdderAOIG_inverted",
  "dotPath": "/home/jeronimo/Documentos/GIT/PeR/benchmarks/qca/eval/1bitAdderAOIG_inverted.dot",
  "placer": "SA",
  "wires": 14,
  "nNodes": 14,
  "tries": 51,
  "swaps": 27,
  "wrongEdges": 3,
  "area": 48,
  "usedAreaPercentage": 0.583333,
  "extraLayers": 1,
  "extraLayersLevels": [5],
  "placement": [-1, -1, 0, 2, 25, -1, -1, -1, 24, 27, 1, -1, 3, -1, -1, -1, 12, -1, 26, 6, 7, 11, 17, -1, 23, 13, 18, 19, 20, 9, 8, -1, 22, 21, -1, -1, 4, 5, 10, -1, -1, -1, -1, -1, -1, 14, 15, 16, -1, -1, -1, -1, -1, -1, -1, -1, -1, -1, -1, -1, -1, -1, -1, -1],
  "n2c": [2, 10, 3, 12, 36, 37, 19, 20, 30, 29, 38, 21, 16, 25, 45, 46, 47, 22, 26, 27, 28, 33, 32, 24, 8, 4, 18, 9]
}
