{
  "success": 0,
  "time": 0.516433,
  "dotName": "1bitAdderMaj_inverted",
  "dotPath": "/home/jeronimo/Documentos/GIT/PeR/benchmarks/qca/eval/1bitAdderMaj_inverted.dot",
  "placer": "SA",
  "wires": 66,
  "nNodes": 20,
  "tries": 99,
  "swaps": 49,
  "wrongEdges": 48,
  "area": 132,
  "usedAreaPercentage": 0.378788,
  "extraLayers": 2,
  "extraLayersLevels": [9, 7],
  "placement": [-1, -1, -1, -1, -1, -1, -1, 0, 1, 18, 15, 13, -1, -1, -1, -1, -1, -1, 54, -1, -1, -1, 59, 17, -1, -1, -1, -1, -1, -1, 53, -1, -1, -1, 58, -1, -1, -1, 50, 80, 51, 52, 75, -1, -1, -1, 76, -1, -1, -1, 49, -1, -1, -1, -1, -1, -1, -1, 57, -1, -1, -1, 48, -1, -1, -1, -1, -1, -1, -1, 56, -1, -1, -1, 47, -1, -1, -1, -1, -1, -1, -1, 82, -1, -1, 22, 4, 67, 68, 69, 70, 85, -1, -1, 55, -1, -1, 19, 71, 25, -1, -1, -1, 16, 84, 20, 21, -1, -1, -1, -1, 24, 14, -1, -1, -1, -1, -1, -1, -1, -1, -1, -1, 28, 26, -1, -1, -1, 8, 2, -1, -1, -1, -1, -1, 29, 30, 31, 32, 78, 33, 10, -1, -1],
  "n2c": [7, 8, 129, -1, 86, -1, -1, -1, 128, -1, 141, -1, -1, 11, 112, 10, 103, 23, 9, 97, 105, 106, 85, -1, 111, 99, 124, -1, 123, 135, 136, 137, 138, 140, -1, -1, -1, -1, -1, -1, -1, -1, -1, -1, -1, -1, -1, 74, 62, 50, 38, 40, 41, 30, 18, 94, 70, 58, 34, 22, -1, -1, -1, -1, -1, -1, -1, 87, 88, 89, 90, 98, -1, -1, -1, 42, 46, -1, 139, -1, 39, -1, 82, -1, 104, 91]
}
