{
  "success": 0,
  "time": 0.308824,
  "dotName": "1bitAdderAOIG_inverted",
  "dotPath": "/home/jeronimo/Documentos/GIT/PeR/benchmarks/qca/eval/1bitAdderAOIG_inverted.dot",
  "placer": "SA",
  "wires": 27,
  "nNodes": 14,
  "tries": 77,
  "swaps": 40,
  "wrongEdges": 2,
  "area": 63,
  "usedAreaPercentage": 0.650794,
  "extraLayers": 4,
  "extraLayersLevels": [5, 5, 3, 1],
  "placement": [2, 25, 28, -1, -1, -1, -1, -1, -1, 31, 16, 3, -1, -1, -1, -1, -1, -1, 15, 14, 37, -1, -1, -1, -1, -1, -1, 0, 9, 5, 36, 6, 29, 26, -1, -1, 1, 8, 10, 4, 7, 33, 20, -1, -1, 27, 38, 17, 11, 32, -1, 19, -1, -1, 30, 24, 12, 34, -1, -1, 39, -1, -1, -1, -1, 35, -1, -1, -1, 18, -1, -1, -1, -1, 23, 22, 40, 21, 13, -1, -1],
  "n2c": [27, 36, 0, 11, 39, 29, 31, 40, 37, 28, 38, 48, 56, 78, 19, 18, 10, 47, 69, 51, 42, 77, 75, 74, 55, 1, 33, 45, 2, 32, 54, 9, 49, 41, 57, 65, 30, 20, 46, 60, 76]
}
