{
  "success": 0,
  "allPlaced": 0,
  "time": 0.28618,
  "dotName": "1bitAdderMaj_inverted",
  "dotPath": "/home/jeronimo/Documentos/GIT/PeR/benchmarks/qca/eval/1bitAdderMaj_inverted.dot",
  "placer": "SA",
  "wires": 66,
  "nNodes": 20,
  "tries": 95,
  "swaps": 48,
  "wrongEdges": 49,
  "area": 132,
  "usedAreaPercentage": 0.371212,
  "extraLayers": 3,
  "extraLayersLevels": [6, 10, 16],
  "placement": [-1, -1, -1, -1, -1, 37, 36, 35, 34, 24, -1, -1, -1, -1, -1, 2, 8, 73, -1, -1, 26, 14, -1, -1, -1, -1, -1, 10, 39, 38, -1, -1, -1, -1, -1, -1, 1, 85, -1, 80, 12, 13, -1, -1, -1, -1, -1, -1, 42, 0, -1, -1, -1, 15, 54, 53, 82, 52, 51, -1, 17, -1, -1, -1, -1, -1, -1, -1, -1, -1, 50, -1, 59, -1, -1, -1, -1, -1, -1, -1, -1, -1, 75, -1, 58, -1, -1, -1, -1, -1, -1, -1, -1, -1, 49, -1, 83, -1, -1, -1, -1, -1, -1, -1, -1, -1, 48, -1, 57, -1, -1, -1, -1, -1, -1, -1, -1, 4, 47, -1, 56, 55, 76, -1, -1, 70, 78, 69, 68, 67, -1, -1, -1, -1, 21, 74, 20, 16, -1, -1, -1, -1, -1, -1],
  "n2c": [49, 36, 15, -1, 117, -1, -1, -1, 16, -1, 27, -1, 40, 41, 21, 53, 137, 60, -1, -1, 136, 134, -1, -1, 9, -1, 20, -1, -1, -1, -1, -1, -1, -1, 8, 7, 6, 5, 29, 28, -1, -1, 48, -1, -1, -1, -1, 118, 106, 94, 70, 58, 57, 55, 54, 121, 120, 108, 84, 72, -1, -1, -1, -1, -1, -1, -1, 129, 128, 127, 125, -1, -1, 17, 135, 82, 122, -1, 126, -1, 39, -1, 56, 96, -1, 37]
}
