{
  "success": 0,
  "allPlaced": 1,
  "time": 0.37534,
  "dotName": "1bitAdderAOIG_inverted",
  "dotPath": "/home/jeronimo/Documentos/GIT/PeR/benchmarks/qca/eval/1bitAdderAOIG_inverted.dot",
  "placer": "SA",
  "wires": 18,
  "nNodes": 14,
  "tries": 59,
  "swaps": 31,
  "wrongEdges": 4,
  "area": 42,
  "usedAreaPercentage": 0.761905,
  "extraLayers": 2,
  "extraLayersLevels": [4, 6],
  "placement": [-1, -1, -1, -1, -1, -1, -1, -1, -1, -1, 21, 22, 23, -1, -1, -1, -1, 18, 13, 31, 24, 28, 12, -1, -1, 19, 30, 1, 0, -1, 11, -1, -1, 20, 6, -1, -1, -1, 17, -1, -1, 7, 27, -1, -1, 9, 8, -1, -1, 25, 2, 15, 14, 5, 10, -1, -1, 3, 29, 16, 26, 4, -1, -1],
  "n2c": [28, 27, 50, 57, 61, 53, 34, 41, 46, 45, 54, 30, 22, 18, 52, 51, 59, 38, 17, 25, 33, 10, 11, 12, 20, 49, 60, 42, 21, 58, 26, 19]
}
