{
  "success": 0,
  "allPlaced": 1,
  "time": 0.201796,
  "dotName": "1bitAdderAOIG_inverted",
  "dotPath": "/home/jeronimo/Documentos/GIT/PeR/benchmarks/qca/eval/1bitAdderAOIG_inverted.dot",
  "placer": "SA",
  "wires": 23,
  "nNodes": 14,
  "tries": 69,
  "swaps": 36,
  "wrongEdges": 2,
  "area": 81,
  "usedAreaPercentage": 0.45679,
  "extraLayers": 3,
  "extraLayersLevels": [4, 6, 3],
  "placement": [2, -1, -1, 0, 1, 31, 24, 28, 12, 29, -1, 27, 6, 30, -1, -1, -1, 36, 3, 25, 7, 34, 20, 19, 18, -1, 23, 26, -1, 33, -1, -1, -1, 13, 21, 22, 16, 35, 11, -1, -1, -1, -1, -1, -1, 32, -1, 4, -1, -1, -1, -1, -1, -1, 15, 14, 5, 9, -1, -1, -1, -1, -1, -1, -1, 10, 8, -1, -1, -1, -1, -1, -1, -1, -1, 17, -1, -1, -1, -1, -1],
  "n2c": [3, 4, 0, 18, 47, 56, 12, 20, 66, 57, 65, 38, 8, 33, 55, 54, 36, 75, 24, 23, 22, 34, 35, 26, 6, 19, 27, 11, 7, 9, 13, 5, 45, 29, 21, 37, 17]
}
