{
  "success": 0,
  "time": 0.130935,
  "dotName": "1bitAdderAOIG_inverted",
  "dotPath": "/home/jeronimo/Documentos/GIT/PeR/benchmarks/qca/eval/1bitAdderAOIG_inverted.dot",
  "placer": "SA",
  "wires": 11,
  "nNodes": 14,
  "tries": 46,
  "swaps": 24,
  "wrongEdges": 3,
  "area": 42,
  "usedAreaPercentage": 0.595238,
  "extraLayers": 0,
  "extraLayersLevels": [],
  "placement": [-1, -1, 23, 22, 21, -1, -1, -1, -1, -1, -1, 13, 18, -1, -1, -1, -1, -1, 0, 19, -1, 17, 11, 12, 24, 1, 20, -1, 8, 10, -1, -1, 6, 7, -1, 9, 5, 14, 15, 16, 3, -1, -1, 4, -1, -1, -1, 2, -1],
  "n2c": [18, 25, 47, 40, 43, 36, 32, 33, 28, 35, 29, 22, 23, 11, 37, 38, 39, 21, 12, 19, 26, 4, 3, 2, 24]
}
