{
  "success": 0,
  "allPlaced": 0,
  "time": 0.239643,
  "dotName": "1bitAdderAOIG_inverted",
  "dotPath": "/home/jeronimo/Documentos/GIT/PeR/benchmarks/qca/eval/1bitAdderAOIG_inverted.dot",
  "placer": "SA",
  "wires": 28,
  "nNodes": 14,
  "tries": 79,
  "swaps": 40,
  "wrongEdges": 3,
  "area": 63,
  "usedAreaPercentage": 0.650794,
  "extraLayers": 4,
  "extraLayersLevels": [4, 6, 3, 2],
  "placement": [-1, -1, -1, 25, -1, -1, -1, -1, -1, 32, 16, 26, 3, -1, -1, -1, -1, -1, 15, 37, 14, 29, -1, -1, -1, -1, -1, 0, 9, 5, 4, 27, 6, 30, -1, -1, 1, 8, 10, 38, 7, 34, 20, -1, -1, 31, 17, 39, 11, 33, -1, 40, -1, -1, 24, 28, 12, 35, -1, -1, 19, -1, -1, -1, -1, 36, -1, -1, -1, 18, -1, -1, -1, -1, 23, 41, 22, 21, 13, -1, -1],
  "n2c": [27, 36, -1, 12, 30, 29, 32, 40, 37, 28, 38, 48, 56, 78, 20, 18, 10, 46, 69, 60, 42, 77, 76, 74, 54, 3, 11, 31, 55, 21, 33, 45, 9, 49, 41, 57, 65, 19, 39, 47, 51, 75]
}
