{
  "success": 0,
  "allPlaced": 0,
  "time": 0.357876,
  "dotName": "1bitAdderMaj_inverted",
  "dotPath": "/home/jeronimo/Documentos/GIT/PeR/benchmarks/qca/eval/1bitAdderMaj_inverted.dot",
  "placer": "SA",
  "wires": 52,
  "nNodes": 20,
  "tries": 74,
  "swaps": 37,
  "wrongEdges": 46,
  "area": 110,
  "usedAreaPercentage": 0.345455,
  "extraLayers": 0,
  "extraLayersLevels": [],
  "placement": [-1, 52, 51, 50, 49, 48, 47, 4, -1, -1, -1, -1, 53, -1, -1, -1, -1, -1, 67, -1, -1, -1, -1, 54, -1, -1, -1, -1, -1, 68, -1, -1, -1, 13, 15, -1, -1, -1, -1, -1, 69, -1, -1, -1, 12, -1, -1, -1, -1, -1, 16, 70, -1, -1, -1, 8, -1, -1, -1, -1, 21, 20, -1, -1, -1, -1, 39, -1, -1, -1, -1, 55, -1, -1, -1, -1, -1, 38, -1, -1, -1, -1, 56, 57, 58, -1, -1, -1, 37, -1, -1, -1, -1, -1, -1, 59, -1, -1, -1, 36, 26, 14, -1, -1, -1, -1, 17, 42, 1, -1, 35, 34, 24, -1, -1, -1, -1, -1, -1, 0, -1],
  "n2c": [119, 108, -1, -1, 7, -1, -1, -1, 55, -1, -1, -1, 44, 33, 101, 34, 50, 106, -1, -1, 61, 60, -1, -1, 112, -1, 100, -1, -1, -1, -1, -1, -1, -1, 111, 110, 99, 88, 77, 66, -1, -1, 107, -1, -1, -1, -1, 6, 5, 4, 3, 2, 1, 12, 23, 71, 82, 83, 84, 95, -1, -1, -1, -1, -1, -1, -1, 18, 29, 40, 51, -1]
}
