{
  "success": 0,
  "allPlaced": 0,
  "time": 0.29775,
  "dotName": "1bitAdderMaj_inverted",
  "dotPath": "/home/jeronimo/Documentos/GIT/PeR/benchmarks/qca/eval/1bitAdderMaj_inverted.dot",
  "placer": "SA",
  "wires": 59,
  "nNodes": 20,
  "tries": 90,
  "swaps": 45,
  "wrongEdges": 45,
  "area": 110,
  "usedAreaPercentage": 0.418182,
  "extraLayers": 1,
  "extraLayersLevels": [6],
  "placement": [17, 59, 58, 57, 56, 55, 76, 21, -1, -1, -1, 13, 15, -1, -1, -1, -1, -1, 74, -1, 2, 8, -1, 18, -1, -1, -1, -1, -1, 20, -1, 10, 39, -1, 1, 0, -1, -1, -1, 70, 16, -1, -1, 38, -1, 54, 53, 52, 51, -1, 78, -1, -1, -1, 73, -1, -1, -1, -1, 50, -1, 69, -1, -1, -1, 37, -1, -1, -1, -1, 75, -1, 68, -1, -1, -1, 36, -1, -1, -1, -1, 49, -1, 67, -1, 24, 34, 35, -1, -1, -1, -1, 48, 47, 4, 71, 25, -1, -1, -1, -1, -1, -1, -1, -1, 22, 19, -1, -1, -1, -1, -1, -1, -1, -1, -1, -1, -1, -1, -1, -1],
  "n2c": [35, 34, 20, -1, 94, -1, -1, -1, 21, -1, 31, -1, -1, 11, -1, 12, 40, 0, 23, 106, 29, 7, 105, -1, 85, 96, -1, -1, -1, -1, -1, -1, -1, -1, 86, 87, 76, 65, 43, 32, -1, -1, -1, -1, -1, -1, -1, 93, 92, 81, 59, 48, 47, 46, 45, 5, 4, 3, 2, 1, -1, -1, -1, -1, -1, -1, -1, 83, 72, 61, 39, 95, -1, 54, 18, 70, 6, -1, 50]
}
