{
  "success": 0,
  "time": 0.297648,
  "dotName": "1bitAdderMaj_inverted",
  "dotPath": "/home/jeronimo/Documentos/GIT/PeR/benchmarks/qca/eval/1bitAdderMaj_inverted.dot",
  "placer": "SA",
  "wires": 77,
  "nNodes": 20,
  "tries": 100,
  "swaps": 50,
  "wrongEdges": 58,
  "area": 121,
  "usedAreaPercentage": 0.421488,
  "extraLayers": 4,
  "extraLayersLevels": [9, 7, 3, 0],
  "placement": [-1, -1, -1, -1, -1, -1, -1, -1, -1, -1, -1, -1, -1, 26, 28, 86, 29, 30, 31, 32, -1, -1, -1, -1, -1, 14, 24, -1, -1, -1, -1, 78, -1, -1, -1, -1, -1, -1, -1, -1, -1, -1, -1, 33, 10, -1, -1, -1, -1, -1, -1, -1, -1, -1, -1, 8, 2, -1, -1, -1, 80, 51, 52, 75, 53, 54, 15, 72, 1, 0, -1, -1, 50, -1, -1, -1, -1, -1, 13, 12, 42, -1, -1, -1, 49, -1, -1, -1, -1, -1, -1, -1, 17, -1, -1, -1, 48, -1, -1, -1, -1, -1, -1, -1, 59, 58, 76, -1, 47, -1, -1, -1, -1, -1, -1, -1, -1, -1, 57, -1, 91, -1, -1, -1, -1, -1, 16, 84, 20, 21, 56, -1, 4, 93, 67, 68, 69, 70, 85, -1, -1, 55, 82, -1],
  "n2c": [69, 68, 56, -1, 132, -1, -1, -1, 55, -1, 44, -1, 79, 78, 25, 66, 126, 92, -1, -1, 128, 129, -1, -1, 26, -1, 13, -1, 14, 16, 17, 18, 19, 43, -1, -1, -1, -1, -1, -1, -1, -1, 80, -1, -1, -1, -1, 108, 96, 84, 72, 61, 62, 64, 65, 141, 130, 118, 105, 104, -1, -1, -1, -1, -1, -1, -1, 134, 135, 136, 137, -1, 67, -1, -1, 63, 106, -1, 31, -1, 60, -1, 142, -1, 127, 138, 15, -1, -1, -1, -1, 120, -1, 133, -1, -1, -1]
}
