{
  "success": 0,
  "time": 0.290488,
  "dotName": "1bitAdderAOIG_inverted",
  "dotPath": "/home/jeronimo/Documentos/GIT/PeR/benchmarks/qca/eval/1bitAdderAOIG_inverted.dot",
  "placer": "SA",
  "wires": 17,
  "nNodes": 14,
  "tries": 55,
  "swaps": 30,
  "wrongEdges": 4,
  "area": 56,
  "usedAreaPercentage": 0.553571,
  "extraLayers": 2,
  "extraLayersLevels": [5, 5],
  "placement": [-1, 1, 27, 30, 24, -1, -1, -1, -1, 0, 4, -1, 12, -1, -1, -1, -1, 14, 5, 9, 23, 22, 21, -1, -1, 15, 10, 8, 17, 11, 13, 18, -1, 16, 26, 29, 6, 7, 20, 19, 2, 3, -1, -1, -1, -1, -1, -1, 25, 28, -1, -1, -1, -1, -1, -1, -1, -1, -1, -1, -1, -1, -1, -1],
  "n2c": [9, 1, 40, 41, 10, 18, 36, 37, 27, 19, 26, 29, 12, 30, 17, 25, 33, 28, 31, 39, 38, 22, 21, 20, 4, 48, 34, 2, 49, 35, 3]
}
