{
  "success": 0,
  "allPlaced": 0,
  "time": 0.658161,
  "dotName": "1bitAdderMaj_inverted",
  "dotPath": "/home/jeronimo/Documentos/GIT/PeR/benchmarks/qca/eval/1bitAdderMaj_inverted.dot",
  "placer": "SA",
  "wires": 65,
  "nNodes": 20,
  "tries": 86,
  "swaps": 42,
  "wrongEdges": 54,
  "area": 132,
  "usedAreaPercentage": 0.325758,
  "extraLayers": 2,
  "extraLayersLevels": [6, 10],
  "placement": [-1, -1, -1, -1, -1, -1, -1, -1, -1, -1, -1, -1, -1, -1, 49, 75, 50, 51, 52, 82, -1, -1, -1, -1, -1, -1, 48, -1, -1, -1, -1, 53, -1, -1, -1, -1, -1, 4, 47, -1, -1, -1, -1, 54, -1, -1, -1, -1, -1, 67, -1, -1, -1, -1, -1, 15, 13, 66, 84, -1, -1, 68, -1, -1, -1, -1, -1, -1, -1, -1, 65, 14, -1, 69, -1, -1, -1, -1, -1, -1, -1, -1, 64, 60, -1, 78, -1, -1, -1, -1, -1, -1, -1, -1, 63, 61, 16, 70, -1, -1, -1, -1, -1, -1, -1, -1, 77, 62, 20, -1, -1, -1, 1, 0, -1, -1, -1, -1, -1, -1, 74, -1, -1, -1, 42, 17, 59, -1, -1, -1, -1, -1, 21, 76, 55, 56, 57, 83, 58, -1, -1, -1, -1, -1],
  "n2c": [113, 112, -1, -1, 37, -1, -1, -1, -1, -1, -1, -1, -1, 56, 71, 55, 96, 125, -1, -1, 108, 132, -1, -1, -1, -1, -1, -1, -1, -1, -1, -1, -1, -1, -1, -1, -1, -1, -1, -1, -1, -1, 124, -1, -1, -1, -1, 38, 26, 14, 16, 17, 18, 31, 43, 134, 135, 136, 138, 126, 83, 95, 107, 94, 82, 70, 57, 49, 61, 73, 97, -1, -1, -1, 120, 15, 133, 106, 85, -1, -1, -1, 19, 137, 58]
}
