{
  "success": 0,
  "allPlaced": 1,
  "time": 0.150759,
  "dotName": "1bitAdderAOIG_inverted",
  "dotPath": "/home/jeronimo/Documentos/GIT/PeR/benchmarks/qca/eval/1bitAdderAOIG_inverted.dot",
  "placer": "SA",
  "wires": 11,
  "nNodes": 14,
  "tries": 45,
  "swaps": 24,
  "wrongEdges": 3,
  "area": 42,
  "usedAreaPercentage": 0.595238,
  "extraLayers": 0,
  "extraLayersLevels": [],
  "placement": [-1, -1, -1, -1, -1, -1, -1, -1, -1, 3, 2, -1, -1, -1, -1, 6, 7, 11, 4, -1, 16, 24, 1, 20, 9, 5, 14, 15, 12, 0, 19, 8, 10, -1, -1, 23, -1, 18, 17, -1, -1, -1, 22, 21, 13, -1, -1, -1, -1],
  "n2c": [29, 22, 10, 9, 18, 25, 15, 16, 31, 24, 32, 17, 28, 44, 26, 27, 20, 38, 37, 30, 23, 43, 42, 35, 21]
}
