{
  "success": 0,
  "time": 0.306563,
  "dotName": "1bitAdderMaj_inverted",
  "dotPath": "/home/jeronimo/Documentos/GIT/PeR/benchmarks/qca/eval/1bitAdderMaj_inverted.dot",
  "placer": "SA",
  "wires": 74,
  "nNodes": 20,
  "tries": 96,
  "swaps": 48,
  "wrongEdges": 57,
  "area": 132,
  "usedAreaPercentage": 0.371212,
  "extraLayers": 3,
  "extraLayersLevels": [9, 7, 3],
  "placement": [-1, -1, -1, 53, 75, 52, 51, 80, 50, 49, 48, -1, -1, -1, -1, 54, -1, -1, -1, -1, -1, -1, 47, -1, -1, -1, -1, 15, 13, -1, -1, -1, -1, -1, 91, 4, 29, 30, -1, -1, 12, -1, -1, -1, -1, -1, -1, 93, 86, 31, -1, -1, 72, -1, -1, -1, -1, -1, -1, 67, 28, 32, 78, 33, 8, -1, -1, -1, -1, -1, -1, 68, 26, -1, -1, 10, 2, -1, -1, -1, -1, -1, -1, 69, -1, -1, -1, -1, -1, -1, -1, -1, -1, -1, -1, 70, -1, -1, -1, -1, -1, -1, -1, 82, 55, 21, -1, 85, -1, -1, -1, -1, -1, -1, -1, 56, -1, 20, 84, 16, 0, 1, 42, 17, 59, 58, 76, 57, -1, -1, -1, -1, -1, -1, -1, -1, -1, -1, -1, -1, -1, -1, -1, -1],
  "n2c": [120, 121, 76, -1, 35, -1, -1, -1, 64, -1, 75, -1, 40, 28, -1, 27, 119, 123, -1, -1, 117, 105, -1, -1, -1, -1, 72, -1, 60, 36, 37, 49, 61, 63, -1, -1, -1, -1, -1, -1, -1, -1, 122, -1, -1, -1, -1, 22, 10, 9, 8, 6, 5, 3, 15, 104, 115, 127, 125, 124, -1, -1, -1, -1, -1, -1, -1, 59, 71, 83, 95, -1, 52, -1, -1, 4, 126, -1, 62, -1, 7, -1, 103, -1, 118, 107, 48, -1, -1, -1, -1, 34, -1, 47]
}
