{
  "success": 0,
  "allPlaced": 0,
  "time": 0.653823,
  "dotName": "1bitAdderMaj_inverted",
  "dotPath": "/home/jeronimo/Documentos/GIT/PeR/benchmarks/qca/eval/1bitAdderMaj_inverted.dot",
  "placer": "SA",
  "wires": 69,
  "nNodes": 20,
  "tries": 80,
  "swaps": 40,
  "wrongEdges": 60,
  "area": 108,
  "usedAreaPercentage": 0.37963,
  "extraLayers": 4,
  "extraLayersLevels": [6, 10, 16, 14],
  "placement": [-1, -1, -1, -1, -1, -1, -1, -1, -1, -1, 17, 13, -1, -1, -1, 21, 76, 55, 56, 57, 83, 58, 59, 15, -1, -1, -1, 74, -1, -1, -1, -1, -1, -1, -1, 88, -1, -1, -1, 20, -1, -1, -1, -1, -1, -1, 0, 18, -1, -1, -1, 16, 70, -1, -1, -1, -1, -1, 85, 1, -1, -1, -1, -1, 78, -1, -1, -1, -1, -1, -1, -1, -1, -1, -1, -1, 69, -1, -1, -1, -1, -1, -1, -1, -1, -1, -1, -1, 68, -1, -1, -1, -1, -1, -1, -1, -1, -1, -1, -1, 67, -1, -1, -1, -1, -1, -1, -1, -1, -1, -1, 22, 4, 47, 48, 49, 75, 50, 51, 52, -1, -1, -1, 19, 71, 25, -1, -1, -1, 54, 53, 82, -1, -1, -1, -1, -1, 24, 14, -1, -1, -1, -1, -1],
  "n2c": [46, 59, -1, -1, 112, -1, -1, -1, -1, -1, -1, -1, -1, 11, 138, 23, 51, 10, 47, 123, 39, 15, 111, -1, 137, 125, -1, -1, -1, -1, -1, -1, -1, -1, -1, -1, -1, -1, -1, -1, -1, -1, -1, -1, -1, -1, -1, 113, 114, 115, 117, 118, 119, 130, 129, 17, 18, 19, 21, 22, -1, -1, -1, -1, -1, -1, -1, 100, 88, 76, 52, 124, -1, -1, 27, 116, 16, -1, 64, -1, -1, -1, 131, 20, -1, 58, -1, -1, 35]
}
