{
  "success": 0,
  "time": 0.20432,
  "dotName": "b1_r2_inverted",
  "dotPath": "/home/jeronimo/Documentos/GIT/PeR/benchmarks/qca/eval/b1_r2_inverted.dot",
  "placer": "SA",
  "wires": 19,
  "nNodes": 19,
  "tries": 64,
  "swaps": 37,
  "wrongEdges": 4,
  "area": 64,
  "usedAreaPercentage": 0.59375,
  "extraLayers": 2,
  "extraLayersLevels": [2, 1],
  "placement": [-1, -1, -1, -1, -1, -1, -1, -1, -1, -1, -1, -1, -1, -1, -1, 5, 4, -1, 29, 16, 33, -1, -1, -1, 24, -1, -1, 2, 28, 11, -1, -1, 8, 18, -1, -1, 3, 15, 12, 1, 37, 20, 30, -1, -1, 21, -1, -1, 26, -1, 36, 19, 31, -1, 25, 13, 34, 0, -1, -1, 17, 7, -1, -1, 10, 14, 35, 22, 27, 23, 6, -1, 32, 9, -1, -1, -1, -1, -1, -1, -1],
  "n2c": [57, 39, 27, 36, 16, 15, 70, 61, 32, 73, 64, 29, 38, 55, 65, 37, 19, 60, 33, 51, 41, 45, 67, 69, 24, 54, 48, 68, 28, 18, 42, 52, 72, 20, 56, 66, 50, 40]
}
