{
  "success": 0,
  "time": 0.131101,
  "dotName": "b1_r2_inverted",
  "dotPath": "/home/jeronimo/Documentos/GIT/PeR/benchmarks/qca/eval/b1_r2_inverted.dot",
  "placer": "SA",
  "wires": 6,
  "nNodes": 19,
  "tries": 42,
  "swaps": 24,
  "wrongEdges": 4,
  "area": 35,
  "usedAreaPercentage": 0.714286,
  "extraLayers": 0,
  "extraLayersLevels": [],
  "placement": [11, 12, -1, -1, 2, -1, 0, -1, 14, 13, 21, 3, -1, 1, -1, 22, -1, 10, 15, 19, 20, -1, 23, 6, 9, 16, 18, 8, -1, 17, 7, 4, 5, 24, -1, -1, -1, -1, -1, -1, -1, -1, -1, -1, -1, -1, -1, -1, -1],
  "n2c": [6, 13, 4, 11, 31, 32, 23, 30, 27, 24, 17, 0, 1, 9, 8, 18, 25, 29, 26, 19, 20, 10, 15, 22, 33]
}
