{
  "success": 0,
  "allPlaced": 1,
  "time": 1.40389,
  "dotName": "b1_r2_inverted",
  "dotPath": "/home/jeronimo/Documentos/GIT/PeR/benchmarks/qca/eval/b1_r2_inverted.dot",
  "placer": "SA",
  "wires": 20,
  "nNodes": 19,
  "tries": 69,
  "swaps": 38,
  "wrongEdges": 3,
  "area": 63,
  "usedAreaPercentage": 0.619048,
  "extraLayers": 2,
  "extraLayersLevels": [2, 3],
  "placement": [-1, -1, -1, -1, -1, -1, -1, -1, 0, -1, -1, -1, -1, -1, -1, 1, 26, 33, -1, -1, -1, 37, 30, 19, 20, 8, -1, -1, -1, 36, 18, -1, 31, 38, 7, 6, -1, -1, 29, -1, -1, 4, 5, 17, 23, -1, -1, 16, 28, -1, -1, 24, -1, 34, -1, -1, 9, 35, -1, -1, 11, 12, 27, -1, -1, 10, 15, -1, -1, -1, 14, 22, -1, -1, 2, 3, 21, 32, 25, 13, -1],
  "n2c": [8, 15, 74, 75, 41, 42, 35, 34, 25, 56, 65, 60, 61, 79, 70, 66, 47, 43, 30, 23, 24, 76, 71, 44, 51, 78, 16, 62, 48, 38, 22, 32, 77, 17, 53, 57, 29, 21, 33]
}
