{
  "success": 0,
  "allPlaced": 1,
  "time": 0.206302,
  "dotName": "b1_r2_inverted",
  "dotPath": "/home/jeronimo/Documentos/GIT/PeR/benchmarks/qca/eval/b1_r2_inverted.dot",
  "placer": "SA",
  "wires": 13,
  "nNodes": 19,
  "tries": 55,
  "swaps": 31,
  "wrongEdges": 3,
  "area": 49,
  "usedAreaPercentage": 0.653061,
  "extraLayers": 1,
  "extraLayersLevels": [2],
  "placement": [-1, -1, -1, 15, 28, -1, -1, -1, -1, -1, 21, 3, 16, 29, -1, -1, 11, 12, 25, 2, 9, 0, 26, -1, -1, 14, 13, -1, 10, -1, 1, -1, -1, 22, 6, 7, 31, 19, 20, -1, -1, 27, 23, 17, -1, 30, 8, -1, -1, -1, 4, 5, 24, 18, -1, -1, -1, -1, -1, -1, -1, -1, -1, -1],
  "n2c": [21, 30, 19, 11, 50, 51, 34, 35, 46, 20, 28, 16, 17, 26, 25, 3, 12, 43, 53, 37, 38, 10, 33, 42, 52, 18, 22, 41, 4, 13, 45, 36]
}
