{
  "success": 0,
  "allPlaced": 1,
  "time": 0.239441,
  "dotName": "b1_r2_inverted",
  "dotPath": "/home/jeronimo/Documentos/GIT/PeR/benchmarks/qca/eval/b1_r2_inverted.dot",
  "placer": "SA",
  "wires": 6,
  "nNodes": 19,
  "tries": 43,
  "swaps": 24,
  "wrongEdges": 4,
  "area": 49,
  "usedAreaPercentage": 0.510204,
  "extraLayers": 0,
  "extraLayersLevels": [],
  "placement": [-1, -1, 17, 7, 19, -1, -1, -1, -1, 23, 6, 20, 1, 0, -1, -1, 22, -1, 8, -1, -1, -1, -1, 14, 13, -1, -1, -1, 4, 9, 10, 21, -1, -1, -1, 5, -1, 15, 3, 2, -1, -1, 24, 18, 16, 11, 12, -1, -1],
  "n2c": [13, 12, 39, 38, 28, 35, 10, 3, 18, 29, 30, 45, 46, 24, 23, 37, 44, 2, 43, 4, 11, 31, 16, 9, 42]
}
