{
  "success": 0,
  "time": 0.845304,
  "dotName": "b1_r2_inverted",
  "dotPath": "/home/jeronimo/Documentos/GIT/PeR/benchmarks/qca/eval/b1_r2_inverted.dot",
  "placer": "SA",
  "wires": 30,
  "nNodes": 19,
  "tries": 79,
  "swaps": 43,
  "wrongEdges": 9,
  "area": 81,
  "usedAreaPercentage": 0.54321,
  "extraLayers": 4,
  "extraLayersLevels": [2, 1, 0, 3],
  "placement": [-1, -1, -1, 26, 1, 48, 37, 20, 42, -1, -1, -1, 0, -1, -1, 31, 36, 8, -1, -1, -1, -1, -1, 30, 19, 47, -1, 25, 21, 3, -1, 29, 18, -1, -1, -1, 13, 10, 15, 28, 16, 24, -1, -1, -1, 45, 39, -1, -1, 44, 5, 4, -1, -1, 34, 14, -1, -1, 33, 11, 38, 12, -1, -1, 35, 46, 22, 27, 23, 6, 40, -1, -1, -1, -1, -1, -1, 17, 7, -1, -1],
  "n2c": [12, 4, -1, 29, 51, 50, 69, 78, 17, -1, 37, 59, 61, 36, 55, 38, 40, 77, 32, 24, 7, 28, 66, 68, 41, 27, 3, 67, 39, 31, 23, 15, -1, 58, 54, 64, 16, 6, 60, 46, 70, -1, 8, -1, 49, 45, 65, 25, 5]
}
