{
  "success": 0,
  "time": 0.221728,
  "dotName": "b1_r2_inverted",
  "dotPath": "/home/jeronimo/Documentos/GIT/PeR/benchmarks/qca/eval/b1_r2_inverted.dot",
  "placer": "SA",
  "wires": 24,
  "nNodes": 19,
  "tries": 75,
  "swaps": 39,
  "wrongEdges": 7,
  "area": 56,
  "usedAreaPercentage": 0.714286,
  "extraLayers": 3,
  "extraLayersLevels": [2, 1, 0],
  "placement": [-1, -1, -1, -1, -1, -1, -1, -1, -1, -1, -1, -1, -1, -1, -1, -1, -1, -1, -1, -1, -1, 4, 5, 24, 18, 26, 1, -1, -1, 27, 23, 6, -1, 30, 20, 37, -1, -1, 22, 17, 7, 31, 19, 36, -1, -1, -1, 35, -1, 41, 9, 32, -1, 40, -1, 34, 14, 39, 10, -1, -1, 38, 12, -1, 13, 25, 21, 3, 2, 29, 11, -1, -1, -1, -1, -1, 15, 28, 16, 33, -1],
  "n2c": [-1, 26, 68, 67, 21, 22, 31, 40, -1, 50, 58, 70, 62, 64, 56, 76, 78, 39, 24, 42, 34, 66, 38, 30, 23, 65, 25, 29, 77, 69, 33, 41, 51, 79, 55, 47, 43, 35, 61, 57, 53, 49, -1]
}
