{
  "success": 0,
  "allPlaced": 0,
  "time": 0.235196,
  "dotName": "b1_r2_inverted",
  "dotPath": "/home/jeronimo/Documentos/GIT/PeR/benchmarks/qca/eval/b1_r2_inverted.dot",
  "placer": "SA",
  "wires": 26,
  "nNodes": 19,
  "tries": 80,
  "swaps": 43,
  "wrongEdges": 5,
  "area": 72,
  "usedAreaPercentage": 0.611111,
  "extraLayers": 3,
  "extraLayersLevels": [2, 3, 5],
  "placement": [-1, -1, -1, -1, 37, -1, -1, -1, -1, 6, -1, -1, -1, 30, 8, -1, -1, -1, 44, 7, 38, 31, 19, 20, -1, -1, -1, 4, 42, 17, -1, -1, 1, 26, 33, -1, 5, -1, 41, 23, 34, 27, 22, 0, -1, 24, -1, -1, -1, -1, -1, 14, 13, -1, 43, -1, -1, -1, -1, 9, 10, 25, -1, 18, -1, 28, 35, 15, 39, 3, 32, -1, 36, 29, 16, 11, 12, -1, 40, 21, -1],
  "n2c": [43, 32, -1, 69, 27, 36, 9, 19, 14, 59, 60, 75, 76, 52, 51, 67, 74, 29, 63, 22, 23, 79, 42, 39, 45, 61, 33, 41, 65, 73, 13, 21, 70, 34, 40, 66, 72, 4, 20, 68, 78, 38, 28, 54, 18]
}
