{
  "success": 0,
  "allPlaced": 0,
  "time": 0.233906,
  "dotName": "clpl_inverted",
  "dotPath": "/home/jeronimo/Documentos/GIT/PeR/benchmarks/qca/eval/clpl_inverted.dot",
  "placer": "SA",
  "wires": 45,
  "nNodes": 26,
  "tries": 52,
  "swaps": 43,
  "wrongEdges": 27,
  "area": 121,
  "usedAreaPercentage": 0.363636,
  "extraLayers": 0,
  "extraLayersLevels": [],
  "placement": [-1, -1, -1, -1, -1, -1, -1, 31, 30, 29, 28, -1, -1, 50, 51, 52, 53, -1, 32, -1, -1, 27, -1, -1, 22, -1, -1, 54, -1, 33, -1, -1, 25, -1, -1, -1, -1, -1, 55, 6, 34, -1, -1, -1, -1, -1, -1, -1, -1, 56, 7, 35, -1, -1, -1, -1, -1, 61, 1, 20, 9, 23, -1, -1, -1, -1, -1, -1, 60, 0, 41, 8, 49, -1, -1, -1, -1, 36, 37, 38, 39, 40, -1, 48, -1, -1, -1, -1, 21, -1, -1, -1, -1, -1, 47, -1, -1, -1, -1, -1, -1, -1, -1, -1, -1, 46, -1, -1, -1, -1, -1, -1, -1, -1, -1, -1, 45, 44, 43, 42, 24],
  "n2c": [69, 58, -1, -1, -1, -1, 39, 50, 71, 60, -1, -1, -1, -1, -1, -1, -1, -1, -1, -1, 59, 88, 24, 61, 120, 32, -1, 21, 10, 9, 8, 7, 18, 29, 40, 51, 77, 78, 79, 80, 81, 70, 119, 118, 117, 116, 105, 94, 83, 72, 13, 14, 15, 16, 27, 38, 49, -1, -1, -1, 68, 57, -1, -1, -1, -1, -1, -1, -1, -1, -1]
}
