{
  "success": 0,
  "allPlaced": 0,
  "time": 0.277033,
  "dotName": "clpl_inverted",
  "dotPath": "/home/jeronimo/Documentos/GIT/PeR/benchmarks/qca/eval/clpl_inverted.dot",
  "placer": "SA",
  "wires": 63,
  "nNodes": 26,
  "tries": 63,
  "swaps": 52,
  "wrongEdges": 36,
  "area": 88,
  "usedAreaPercentage": 0.602273,
  "extraLayers": 2,
  "extraLayersLevels": [3, 1],
  "placement": [-1, -1, -1, -1, -1, -1, -1, -1, -1, -1, -1, -1, -1, -1, -1, -1, -1, -1, -1, -1, -1, -1, -1, -1, -1, -1, -1, -1, -1, -1, -1, -1, -1, -1, -1, -1, -1, -1, -1, -1, -1, -1, -1, -1, -1, -1, -1, -1, -1, 84, 50, -1, -1, -1, -1, -1, -1, 83, 42, 24, -1, 51, 22, -1, -1, -1, -1, -1, -1, 43, 44, 73, -1, 52, -1, -1, -1, -1, -1, 49, 48, 47, 46, 45, -1, 74, 53, 54, 55, 56, 9, 23, 7, -1, -1, -1, -1, -1, -1, -1, 2, 3, 20, 41, 40, 39, 72, -1, -1, -1, -1, -1, 70, 17, 1, -1, -1, -1, 38, -1, -1, 18, -1, -1, 78, 19, 61, 60, 75, 21, 37, -1, -1, 67, 88, 68, 69, 57, 85, 58, 59, 36, 82, -1],
  "n2c": [-1, 114, 100, 101, -1, -1, -1, 92, -1, 90, -1, -1, -1, -1, -1, -1, -1, 113, 121, 125, 102, 129, 62, 91, 59, -1, -1, -1, -1, -1, -1, -1, -1, -1, -1, -1, 141, 130, 118, 105, 104, 103, 58, 69, 70, 83, 82, 81, 80, 79, 50, 61, 73, 86, 87, 88, 89, 137, 139, 140, 127, 126, -1, -1, -1, -1, -1, 133, 135, 136, 112, -1, 106, 71, 85, 128, -1, -1, 124, -1, -1, -1, 142, 57, 49, 138, -1, -1, 134]
}
