{
  "success": 0,
  "time": 0.305858,
  "dotName": "clpl_inverted",
  "dotPath": "/home/jeronimo/Documentos/GIT/PeR/benchmarks/qca/eval/clpl_inverted.dot",
  "placer": "SA",
  "wires": 75,
  "nNodes": 26,
  "tries": 58,
  "swaps": 49,
  "wrongEdges": 51,
  "area": 110,
  "usedAreaPercentage": 0.454545,
  "extraLayers": 3,
  "extraLayersLevels": [2, 3, 1],
  "placement": [-1, -1, -1, -1, -1, -1, -1, -1, -1, -1, -1, -1, -1, -1, -1, -1, -1, -1, -1, -1, -1, -1, -1, -1, -1, -1, -1, -1, -1, 38, 82, 72, 37, 94, 36, 21, -1, -1, -1, 46, 47, -1, 39, -1, -1, -1, -1, -1, -1, -1, -1, -1, 45, 48, -1, 40, -1, -1, -1, 19, -1, -1, -1, -1, -1, 44, 49, 8, 41, 0, -1, -1, 57, -1, -1, -1, -1, -1, 83, 23, 9, 20, 1, 61, 60, 97, -1, -1, -1, -1, -1, 73, 7, 6, 3, 17, -1, 59, 58, -1, -1, -1, -1, -1, 43, 95, 42, 2, 70, -1, 85, 75, -1, -1, -1, -1, -1, -1, -1, 24, -1, 69, -1, -1, -1, -1, -1, -1, -1, -1, -1, -1, -1, -1, 89, 18, -1, -1, -1, -1, -1, -1, -1, -1, -1, -1, -1, 79, 67, -1, -1, -1, -1, -1, -1, -1, -1, -1, -1, -1, 68, 100, -1, -1, -1, -1, -1, -1, -1],
  "n2c": [69, 82, 107, 94, -1, -1, 93, 92, 67, 80, -1, -1, -1, -1, -1, -1, -1, 95, 135, 59, 81, 35, -1, 79, 119, -1, -1, -1, -1, -1, -1, -1, -1, -1, -1, -1, 34, 32, 29, 42, 55, 68, 106, 104, 65, 52, 39, 40, 53, 66, -1, -1, -1, -1, -1, -1, -1, 72, 98, 97, 84, 83, -1, -1, -1, -1, -1, 148, 160, 121, 108, -1, 31, 91, -1, 111, -1, -1, -1, 147, -1, -1, 30, 78, -1, 110, -1, -1, -1, 134, -1, -1, -1, -1, 33, 105, -1, 85, -1, -1, 161]
}
