{
  "success": 0,
  "allPlaced": 0,
  "time": 0.432982,
  "dotName": "clpl_inverted",
  "dotPath": "/home/jeronimo/Documentos/GIT/PeR/benchmarks/qca/eval/clpl_inverted.dot",
  "placer": "SA",
  "wires": 74,
  "nNodes": 26,
  "tries": 66,
  "swaps": 52,
  "wrongEdges": 47,
  "area": 110,
  "usedAreaPercentage": 0.481818,
  "extraLayers": 3,
  "extraLayersLevels": [3, 1, 0],
  "placement": [-1, -1, -1, -1, -1, -1, -1, -1, -1, -1, -1, -1, -1, -1, -1, -1, -1, -1, -1, -1, -1, -1, -1, -1, -1, -1, -1, -1, -1, 78, 69, 68, 88, 67, 99, -1, -1, -1, -1, -1, -1, 70, 2, -1, -1, -1, 18, -1, -1, -1, -1, -1, -1, 17, 3, -1, -1, -1, -1, -1, 58, 59, 75, 60, 61, 1, -1, -1, -1, -1, -1, -1, 85, 57, 96, 19, -1, 20, 41, 40, 39, -1, -1, -1, -1, -1, -1, -1, 56, 9, 8, 44, 72, -1, -1, -1, -1, 22, -1, -1, 55, 23, 49, 73, 38, -1, -1, -1, -1, 95, -1, -1, 54, -1, 48, 45, 37, -1, -1, -1, -1, 50, -1, -1, 53, -1, 47, 46, 82, -1, -1, -1, -1, 84, 51, 52, 74, -1, 21, 93, 36, -1, -1, -1],
  "n2c": [-1, 65, 42, 54, -1, -1, -1, -1, 90, 89, -1, -1, -1, -1, -1, -1, -1, 53, 46, 75, 77, 138, 97, 101, -1, -1, -1, -1, -1, -1, -1, -1, -1, -1, -1, -1, 140, 116, 104, 80, 79, 78, -1, -1, 91, 115, 127, 126, 114, 102, 121, 134, 135, 124, 112, 100, 88, 73, 60, 61, 63, 64, -1, -1, -1, -1, -1, 33, 31, 30, 41, -1, 92, 103, 136, 62, -1, -1, 29, -1, -1, -1, 128, -1, 133, 72, -1, -1, 32, -1, -1, -1, -1, 139, -1, 109, 74, -1, -1, 34]
}
