{
  "success": 0,
  "time": 0.256201,
  "dotName": "clpl_inverted",
  "dotPath": "/home/jeronimo/Documentos/GIT/PeR/benchmarks/qca/eval/clpl_inverted.dot",
  "placer": "SA",
  "wires": 45,
  "nNodes": 26,
  "tries": 54,
  "swaps": 44,
  "wrongEdges": 26,
  "area": 88,
  "usedAreaPercentage": 0.511364,
  "extraLayers": 0,
  "extraLayersLevels": [],
  "placement": [-1, -1, -1, -1, -1, -1, -1, -1, -1, 29, 28, -1, -1, -1, -1, -1, 24, -1, -1, -1, 30, 27, -1, -1, -1, 44, 43, 42, -1, -1, -1, 31, 25, -1, -1, -1, 45, -1, -1, 6, -1, -1, 32, -1, -1, -1, -1, 46, -1, -1, 7, 35, 34, 33, -1, -1, -1, -1, 47, 48, 49, 23, -1, -1, -1, -1, -1, -1, -1, -1, -1, 8, 9, 56, 55, 54, 53, -1, -1, -1, -1, -1, -1, 20, -1, -1, -1, 52, -1, -1, -1, -1, -1, 0, 1, 17, 70, -1, 51, -1, -1, -1, -1, 59, 60, 61, 68, 69, -1, 50, -1, -1, -1, -1, 58, 57, 19, -1, -1, -1, 22],
  "n2c": [93, 94, -1, -1, -1, -1, 39, 50, 71, 72, -1, -1, -1, -1, -1, -1, -1, 95, -1, 116, 83, -1, 120, 61, 16, 32, -1, 21, 10, 9, 20, 31, 42, 53, 52, 51, -1, -1, -1, -1, -1, -1, 27, 26, 25, 36, 47, 58, 59, 60, 109, 98, 87, 76, 75, 74, 73, 115, 114, 103, 104, 105, -1, -1, -1, -1, -1, -1, 106, 107, 96]
}
