{
  "success": 0,
  "allPlaced": 0,
  "time": 0.405264,
  "dotName": "clpl_inverted",
  "dotPath": "/home/jeronimo/Documentos/GIT/PeR/benchmarks/qca/eval/clpl_inverted.dot",
  "placer": "SA",
  "wires": 53,
  "nNodes": 26,
  "tries": 57,
  "swaps": 45,
  "wrongEdges": 33,
  "area": 77,
  "usedAreaPercentage": 0.597403,
  "extraLayers": 1,
  "extraLayersLevels": [3],
  "placement": [-1, -1, -1, -1, -1, -1, -1, 73, 44, 51, 50, -1, -1, -1, -1, -1, -1, -1, 45, 43, 52, 22, -1, -1, -1, -1, -1, -1, -1, 46, 42, 74, -1, -1, -1, -1, -1, -1, -1, -1, 47, 24, 53, -1, -1, -1, -1, -1, -1, -1, -1, 48, -1, 54, -1, -1, -1, -1, -1, -1, -1, 6, 49, 8, 55, -1, -1, -1, -1, -1, -1, -1, 7, 23, 9, 56, -1, -1, -1, -1, -1, 71, 30, 35, 1, 20, -1, -1, -1, -1, -1, -1, 29, 31, 34, 0, 41, 40, 39, -1, -1, -1, -1, 28, 32, 33, -1, 37, 38, 72, -1, -1, -1, -1, 27, 25, -1, -1, 36, 21, -1],
  "n2c": [95, 84, -1, -1, -1, -1, 61, 72, 63, 74, -1, -1, -1, -1, -1, -1, -1, -1, -1, -1, 85, 119, 21, 73, 41, 115, -1, 114, 103, 92, 82, 93, 104, 105, 94, 83, 118, 107, 108, 98, 97, 96, 30, 19, 8, 18, 29, 40, 51, 62, 10, 9, 20, 42, 53, 64, 75, -1, -1, -1, -1, -1, -1, -1, -1, -1, -1, -1, -1, -1, -1, 81, 109, 7, 31, -1, -1, -1, -1]
}
