{
  "success": 0,
  "time": 0.266246,
  "dotName": "clpl_inverted",
  "dotPath": "/home/jeronimo/Documentos/GIT/PeR/benchmarks/qca/eval/clpl_inverted.dot",
  "placer": "SA",
  "wires": 65,
  "nNodes": 26,
  "tries": 58,
  "swaps": 49,
  "wrongEdges": 41,
  "area": 88,
  "usedAreaPercentage": 0.568182,
  "extraLayers": 2,
  "extraLayersLevels": [2, 3],
  "placement": [-1, -1, -1, -1, -1, -1, -1, -1, -1, -1, -1, -1, -1, -1, -1, -1, -1, -1, -1, -1, -1, -1, -1, -1, -1, -1, -1, -1, -1, -1, -1, -1, -1, -1, -1, -1, -1, -1, -1, -1, -1, -1, -1, -1, -1, -1, -1, -1, -1, -1, -1, 36, 21, -1, -1, -1, -1, -1, -1, -1, -1, -1, -1, 37, 72, 82, -1, -1, -1, 22, 50, 51, -1, -1, -1, -1, -1, 38, -1, -1, -1, 52, 84, 74, -1, -1, -1, 25, -1, 39, -1, -1, -1, 53, 73, 83, -1, -1, -1, 27, -1, 40, -1, 56, 55, 54, 43, 44, -1, -1, -1, 28, -1, 41, 20, 9, 8, 24, 42, 45, -1, 29, 81, 71, -1, 0, 1, 23, 49, 48, 47, 46, -1, 30, 31, 32, 33, 34, 35, 7, 6, -1, -1, -1],
  "n2c": [125, 126, -1, -1, -1, -1, 140, 139, 116, 115, -1, -1, -1, -1, -1, -1, -1, -1, -1, -1, 114, 52, 69, 127, 117, 87, -1, 99, 111, 121, 133, 134, 135, 136, 137, 138, 51, 63, 77, 89, 101, 113, 118, 106, 107, 119, 131, 130, 129, 128, 70, 71, 81, 93, 105, 104, 103, -1, -1, -1, -1, -1, -1, -1, -1, -1, -1, -1, -1, -1, -1, 123, 64, 94, 83, -1, -1, -1, -1, -1, -1, 122, 65, 95, 82, -1, -1, -1, -1, -1, -1]
}
