{
  "success": 0,
  "time": 0.342825,
  "dotName": "clpl_inverted",
  "dotPath": "/home/jeronimo/Documentos/GIT/PeR/benchmarks/qca/eval/clpl_inverted.dot",
  "placer": "SA",
  "wires": 85,
  "nNodes": 26,
  "tries": 76,
  "swaps": 60,
  "wrongEdges": 50,
  "area": 156,
  "usedAreaPercentage": 0.391026,
  "extraLayers": 4,
  "extraLayersLevels": [2, 3, 1, 4],
  "placement": [-1, -1, -1, -1, -1, -1, -1, 73, 43, 95, 42, -1, -1, -1, -1, -1, -1, -1, -1, -1, 103, 98, 63, 24, -1, -1, -1, -1, -1, -1, -1, 45, 44, 83, 62, 77, -1, -1, -1, -1, -1, -1, -1, -1, 46, 47, 48, 15, 107, -1, -1, -1, -1, -1, -1, -1, -1, 7, 23, 49, -1, 87, -1, -1, -1, 94, 37, -1, -1, -1, 6, 9, 8, 86, 14, -1, -1, -1, 36, 72, -1, -1, -1, -1, 20, 1, 17, 3, 66, 88, 108, 21, 102, 82, 38, 39, 40, 41, 0, 70, 2, -1, -1, 78, -1, -1, -1, -1, -1, -1, -1, -1, 69, -1, -1, -1, 65, -1, -1, -1, -1, -1, -1, 79, 109, 89, -1, -1, -1, 99, -1, -1, -1, -1, -1, -1, 68, 100, 67, 18, -1, -1, 64, -1, -1, -1, -1, -1, -1, -1, -1, -1, -1, -1, -1, 16, -1, -1, -1, -1, -1, -1, -1, -1, -1, -1, -1, -1, -1],
  "n2c": [98, 85, 100, 87, -1, -1, 70, 57, 72, 71, -1, -1, -1, -1, 74, 47, 155, 86, 139, -1, 84, 91, -1, 58, 23, -1, -1, -1, -1, -1, -1, -1, -1, -1, -1, -1, 78, 66, 94, 95, 96, 97, 10, 8, 32, 31, 44, 45, 46, 59, -1, -1, -1, -1, -1, -1, -1, -1, -1, -1, -1, -1, 34, 22, 142, 116, 88, 138, 136, 112, 99, -1, 79, 7, -1, -1, -1, 35, 103, 123, -1, -1, 93, 33, -1, -1, 73, 61, 89, 125, -1, -1, -1, -1, 65, 9, -1, -1, 21, 129, 137, -1, 92, 20, -1, -1, -1, 48, 90, 124, -1]
}
