{
  "success": 0,
  "allPlaced": 0,
  "time": 0.54354,
  "dotName": "clpl_inverted",
  "dotPath": "/home/jeronimo/Documentos/GIT/PeR/benchmarks/qca/eval/clpl_inverted.dot",
  "placer": "SA",
  "wires": 82,
  "nNodes": 26,
  "tries": 67,
  "swaps": 57,
  "wrongEdges": 50,
  "area": 132,
  "usedAreaPercentage": 0.439394,
  "extraLayers": 4,
  "extraLayersLevels": [3, 1, 0, 5],
  "placement": [-1, -1, -1, -1, -1, -1, -1, -1, -1, 101, 38, 37, 82, -1, -1, -1, -1, -1, -1, -1, -1, -1, 72, -1, -1, 36, -1, -1, -1, -1, -1, -1, -1, -1, -1, 39, -1, -1, 93, -1, -1, -1, -1, 30, 31, 32, 33, -1, 40, -1, -1, 21, -1, -1, -1, -1, 71, 100, 29, 34, 0, 41, -1, -1, -1, -1, -1, -1, -1, 27, 81, 28, 35, 1, 20, -1, -1, -1, -1, -1, -1, -1, 92, 25, 6, 7, 23, 9, 56, -1, -1, -1, -1, -1, -1, 45, 46, 47, 48, 49, 8, 55, -1, -1, -1, -1, -1, -1, 73, -1, -1, -1, -1, -1, 54, -1, -1, -1, -1, 43, 44, 102, -1, -1, -1, -1, -1, 53, -1, -1, -1, -1, 83, 42, 94, 24, -1, -1, -1, 22, 74, 103, 52, -1, -1, -1, -1, -1, -1, -1, -1, -1, 95, 50, 84, 51, -1, -1, -1, -1, -1, -1, -1, -1, -1, -1, -1, -1, -1],
  "n2c": [60, 73, -1, -1, -1, -1, 84, 85, 100, 87, -1, -1, -1, -1, -1, -1, -1, -1, -1, -1, 74, 51, 139, 86, 135, 83, -1, 69, 71, 58, 43, 44, 45, 46, 59, 72, 25, 11, 10, 35, 48, 61, 133, 119, 120, 95, 96, 97, 98, 99, 153, 155, 142, 127, 114, 101, 88, -1, -1, -1, -1, -1, -1, -1, -1, -1, -1, -1, -1, -1, -1, 56, 22, 108, 140, -1, -1, -1, -1, -1, -1, 70, 12, 132, 154, -1, -1, -1, -1, -1, -1, -1, 82, 38, 134, 152, -1, -1, -1, -1, 57, 9, 121, 141, -1, -1, -1, -1]
}
