{
  "success": 0,
  "allPlaced": 1,
  "time": 0.20361,
  "dotName": "FA_inverted",
  "dotPath": "/home/jeronimo/Documentos/GIT/PeR/benchmarks/qca/eval/FA_inverted.dot",
  "placer": "SA",
  "wires": 18,
  "nNodes": 10,
  "tries": 52,
  "swaps": 27,
  "wrongEdges": 2,
  "area": 49,
  "usedAreaPercentage": 0.571429,
  "extraLayers": 3,
  "extraLayersLevels": [0, 3, 1],
  "placement": [-1, -1, -1, -1, -1, -1, -1, -1, -1, -1, -1, -1, -1, 9, 17, 26, -1, 20, 8, 11, 27, 18, -1, 10, -1, -1, -1, 6, 13, 22, 7, 1, -1, -1, -1, 15, -1, -1, 23, 19, -1, -1, -1, 24, -1, 5, 14, 0, -1, 21, 12, 4, 25, 16, -1, -1, -1, 3, 2, -1, -1, -1, -1, -1],
  "n2c": [47, 31, 58, 57, 51, 45, 27, 30, 18, 13, 23, 19, 50, 28, 46, 35, 53, 14, 21, 39, 17, 49, 29, 38, 43, 52, 15, 20]
}
