{
  "success": 0,
  "time": 0.189862,
  "dotName": "FA_inverted",
  "dotPath": "/home/jeronimo/Documentos/GIT/PeR/benchmarks/qca/eval/FA_inverted.dot",
  "placer": "SA",
  "wires": 15,
  "nNodes": 10,
  "tries": 45,
  "swaps": 24,
  "wrongEdges": 3,
  "area": 49,
  "usedAreaPercentage": 0.510204,
  "extraLayers": 3,
  "extraLayersLevels": [3, 1, 0],
  "placement": [-1, -1, -1, 2, 13, 3, 12, -1, -1, -1, 9, 24, 11, 18, -1, 15, 10, 23, 8, 17, 4, 14, 1, 0, -1, 16, -1, 22, -1, -1, -1, -1, 7, 20, 5, -1, -1, -1, 6, 19, -1, -1, -1, -1, -1, 21, -1, -1, -1],
  "n2c": [23, 22, 3, 5, 20, 34, 38, 32, 18, 10, 16, 12, 6, 4, 21, 15, 25, 19, 13, 39, 33, 45, 27, 17, 11]
}
