{
  "success": 0,
  "allPlaced": 1,
  "time": 0.117308,
  "dotName": "FA_inverted",
  "dotPath": "/home/jeronimo/Documentos/GIT/PeR/benchmarks/qca/eval/FA_inverted.dot",
  "placer": "SA",
  "wires": 12,
  "nNodes": 10,
  "tries": 40,
  "swaps": 21,
  "wrongEdges": 2,
  "area": 49,
  "usedAreaPercentage": 0.44898,
  "extraLayers": 2,
  "extraLayersLevels": [0, 3],
  "placement": [-1, -1, -1, -1, -1, -1, 2, -1, 9, 18, 11, 8, 20, 3, -1, 17, -1, -1, -1, -1, 21, 0, 10, -1, -1, 15, 4, 12, 19, 1, 7, 13, 6, -1, -1, -1, 5, 14, -1, -1, -1, -1, -1, 16, -1, -1, -1, -1, -1],
  "n2c": [21, 29, 6, 13, 26, 36, 32, 30, 11, 8, 22, 10, 27, 31, 37, 25, 43, 15, 9, 28, 12, 20]
}
