{
  "success": 0,
  "time": 0.286348,
  "dotName": "FA_inverted",
  "dotPath": "/home/jeronimo/Documentos/GIT/PeR/benchmarks/qca/eval/FA_inverted.dot",
  "placer": "SA",
  "wires": 21,
  "nNodes": 10,
  "tries": 56,
  "swaps": 30,
  "wrongEdges": 2,
  "area": 64,
  "usedAreaPercentage": 0.484375,
  "extraLayers": 4,
  "extraLayersLevels": [3, 1, 0, 1],
  "placement": [-1, 0, 1, 14, 7, 26, 20, -1, 29, 10, 15, -1, 25, -1, 5, 22, 23, -1, -1, -1, 19, 6, -1, 28, 9, 24, 30, 11, -1, 21, -1, -1, -1, -1, -1, 17, -1, 27, -1, -1, -1, -1, 16, 8, -1, 4, -1, -1, -1, -1, -1, 3, 12, 18, -1, -1, -1, -1, -1, 13, 2, -1, -1, -1],
  "n2c": [1, 2, 60, 51, 45, 14, 21, 4, 43, 24, 9, 27, 52, 59, 3, 10, 42, 35, 53, 20, 6, 29, 15, 16, 25, 12, 5, 37, 23, 8, 26]
}
