{
  "success": 0,
  "allPlaced": 1,
  "time": 0.287637,
  "dotName": "FA_inverted",
  "dotPath": "/home/jeronimo/Documentos/GIT/PeR/benchmarks/qca/eval/FA_inverted.dot",
  "placer": "SA",
  "wires": 23,
  "nNodes": 10,
  "tries": 60,
  "swaps": 32,
  "wrongEdges": 2,
  "area": 64,
  "usedAreaPercentage": 0.515625,
  "extraLayers": 4,
  "extraLayersLevels": [0, 3, 1, 3],
  "placement": [-1, 28, -1, -1, -1, -1, -1, -1, 29, 1, 19, 0, -1, -1, -1, -1, 10, -1, -1, 30, 7, 22, 13, 6, 26, -1, 31, 8, 23, -1, -1, 15, 17, -1, 11, 20, 14, -1, -1, 24, 9, 18, 27, -1, 5, 16, 25, 4, -1, -1, -1, -1, -1, 21, 12, 32, -1, -1, -1, -1, -1, 3, 2, -1],
  "n2c": [11, 9, 62, 61, 47, 44, 23, 20, 27, 40, 16, 34, 54, 22, 36, 31, 45, 32, 41, 10, 35, 53, 21, 28, 39, 46, 24, 42, 1, 8, 19, 26, 55]
}
