{
  "success": 0,
  "allPlaced": 1,
  "time": 0.414598,
  "dotName": "FS_inverted",
  "dotPath": "/home/jeronimo/Documentos/GIT/PeR/benchmarks/qca/eval/FS_inverted.dot",
  "placer": "SA",
  "wires": 29,
  "nNodes": 12,
  "tries": 79,
  "swaps": 40,
  "wrongEdges": 3,
  "area": 72,
  "usedAreaPercentage": 0.569444,
  "extraLayers": 4,
  "extraLayersLevels": [0, 1, 0, 0],
  "placement": [-1, 29, 35, 5, -1, -1, -1, -1, -1, -1, 17, -1, 37, -1, -1, -1, -1, -1, -1, 23, -1, 31, -1, -1, -1, -1, -1, -1, 4, -1, 19, -1, -1, -1, -1, -1, 16, 9, 12, 25, 0, 33, 39, 11, -1, 30, 18, 26, 7, 1, 21, -1, 40, -1, 36, 24, 20, 6, 13, 27, -1, 34, -1, 8, 38, 32, 10, -1, -1, 15, 22, -1, -1, -1, 2, 3, -1, -1, 14, 28, -1],
  "n2c": [40, 49, 74, 75, 28, 3, 57, 48, 63, 37, 66, 43, 38, 58, 78, 69, 36, 10, 46, 30, 56, 50, 70, 19, 55, 39, 47, 59, 79, 1, 45, 21, 65, 41, 61, 2, 54, 12, 64, 42, 52]
}
