{
  "success": 0,
  "allPlaced": 1,
  "time": 0.281117,
  "dotName": "FS_inverted",
  "dotPath": "/home/jeronimo/Documentos/GIT/PeR/benchmarks/qca/eval/FS_inverted.dot",
  "placer": "SA",
  "wires": 17,
  "nNodes": 12,
  "tries": 55,
  "swaps": 28,
  "wrongEdges": 3,
  "area": 48,
  "usedAreaPercentage": 0.604167,
  "extraLayers": 2,
  "extraLayersLevels": [0, 1],
  "placement": [-1, -1, -1, -1, -1, -1, -1, -1, -1, -1, 22, 28, -1, -1, 20, 26, -1, 21, 11, 14, -1, 18, 8, 12, 0, 27, -1, 15, -1, 24, 4, 9, 1, 13, -1, 10, 6, 7, 23, 16, -1, -1, -1, -1, -1, -1, 17, 3, -1, -1, -1, -1, 25, 19, 5, 2, -1, -1, -1, -1, -1, -1, -1, -1],
  "n2c": [24, 32, 55, 47, 30, 54, 36, 37, 22, 31, 35, 18, 23, 33, 19, 27, 39, 46, 21, 53, 14, 17, 10, 38, 29, 52, 15, 25, 11]
}
