{
  "success": 0,
  "allPlaced": 1,
  "time": 0.118377,
  "dotName": "FS_inverted",
  "dotPath": "/home/jeronimo/Documentos/GIT/PeR/benchmarks/qca/eval/FS_inverted.dot",
  "placer": "SA",
  "wires": 11,
  "nNodes": 12,
  "tries": 43,
  "swaps": 22,
  "wrongEdges": 2,
  "area": 35,
  "usedAreaPercentage": 0.657143,
  "extraLayers": 1,
  "extraLayersLevels": [0],
  "placement": [-1, -1, -1, -1, -1, -1, -1, -1, -1, -1, -1, -1, -1, -1, -1, -1, -1, -1, 0, -1, 12, -1, 11, 21, 13, 1, 8, 20, 2, 22, 10, 6, 7, 18, -1, 3, 14, 15, -1, 19, -1, -1, 16, 9, 4, 17, 5, -1, -1],
  "n2c": [18, 25, 28, 35, 44, 46, 31, 32, 26, 43, 30, 22, 20, 24, 36, 37, 42, 45, 33, 39, 27, 23, 29]
}
