{
  "success": 0,
  "time": 0.275523,
  "dotName": "FS_inverted",
  "dotPath": "/home/jeronimo/Documentos/GIT/PeR/benchmarks/qca/eval/FS_inverted.dot",
  "placer": "SA",
  "wires": 21,
  "nNodes": 12,
  "tries": 60,
  "swaps": 32,
  "wrongEdges": 3,
  "area": 56,
  "usedAreaPercentage": 0.589286,
  "extraLayers": 4,
  "extraLayersLevels": [3, 2, 2, 0],
  "placement": [-1, -1, -1, -1, 2, 23, 1, -1, 26, 22, 16, 17, 3, 19, 13, -1, 9, 4, 27, 5, 18, 0, 31, 11, 12, -1, -1, 29, 7, 6, -1, 32, 30, 8, -1, -1, -1, 24, -1, 14, -1, 28, -1, -1, -1, 20, 10, 15, -1, -1, -1, -1, -1, -1, 21, 25, -1, -1, -1, -1, -1, -1, -1, -1],
  "n2c": [21, 6, 4, 12, 17, 19, 29, 28, 33, 16, 46, 23, 24, 14, 39, 47, 10, 11, 20, 13, 45, 54, 9, 5, 37, 55, 8, 18, 41, 27, 32, 22, 31]
}
