{
  "success": 0,
  "time": 0.131674,
  "dotName": "FS_inverted",
  "dotPath": "/home/jeronimo/Documentos/GIT/PeR/benchmarks/qca/eval/FS_inverted.dot",
  "placer": "SA",
  "wires": 11,
  "nNodes": 12,
  "tries": 41,
  "swaps": 22,
  "wrongEdges": 1,
  "area": 36,
  "usedAreaPercentage": 0.638889,
  "extraLayers": 2,
  "extraLayersLevels": [3, 2],
  "placement": [-1, -1, -1, 18, 10, 21, 15, -1, -1, 17, 3, 20, -1, 14, -1, -1, 16, 2, 6, 13, 11, -1, -1, 22, -1, 7, 1, -1, -1, -1, 9, 12, 8, 19, -1, -1, 5, 4, -1, -1, 0, -1, -1, -1, -1, -1, -1, -1, -1],
  "n2c": [40, 26, 17, 10, 37, 36, 18, 25, 32, 30, 4, 20, 31, 19, 13, 6, 16, 9, 3, 33, 11, 5, 23]
}
