{
  "success": 0,
  "time": 0.22393,
  "dotName": "FS_inverted",
  "dotPath": "/home/jeronimo/Documentos/GIT/PeR/benchmarks/qca/eval/FS_inverted.dot",
  "placer": "SA",
  "wires": 15,
  "nNodes": 12,
  "tries": 49,
  "swaps": 26,
  "wrongEdges": 3,
  "area": 56,
  "usedAreaPercentage": 0.482143,
  "extraLayers": 3,
  "extraLayersLevels": [3, 2, 2],
  "placement": [-1, -1, -1, -1, 0, 19, 23, -1, -1, -1, -1, -1, -1, -1, 1, -1, -1, -1, -1, -1, -1, 18, 13, -1, -1, -1, 22, 16, 17, 3, 11, 14, -1, 5, 26, -1, -1, 2, -1, 15, -1, 4, 9, -1, -1, -1, -1, 25, -1, -1, 12, -1, -1, -1, 10, 21, -1, -1, 8, 7, 6, 24, 20, -1],
  "n2c": [4, 14, 37, 29, 41, 33, 60, 59, 58, 42, 54, 30, 50, 22, 31, 39, 27, 28, 21, 5, 62, 55, 26, 6, 61, 47, 34]
}
