{
  "success": 1,
  "time": 0.113576,
  "dotName": "mux21_inverted",
  "dotPath": "/home/jeronimo/Documentos/GIT/PeR/benchmarks/qca/eval/mux21_inverted.dot",
  "placer": "SA",
  "wires": 12,
  "nNodes": 8,
  "tries": 31,
  "swaps": 19,
  "wrongEdges": 0,
  "area": 30,
  "usedAreaPercentage": 0.666667,
  "extraLayers": 4,
  "extraLayersLevels": [2, 0, 6, 1],
  "placement": [-1, -1, -1, 19, 15, 3, -1, -1, -1, 18, 6, -1, 12, -1, -1, -1, 14, 9, -1, 16, -1, -1, -1, 7, 10, -1, 2, -1, -1, -1, 0, 1, 11, 4, 8, -1, -1, -1, -1, 5, 13, 17, -1, -1, -1, -1, -1, -1, -1],
  "n2c": [30, 31, 26, 5, 33, 39, 10, 23, 34, 17, 24, 32, 12, 40, 16, 4, 19, 41, 9, 3]
}
