{
  "success": 0,
  "allPlaced": 0,
  "time": 0.528599,
  "dotName": "mux41_inverted",
  "dotPath": "/home/jeronimo/Documentos/GIT/PeR/benchmarks/qca/eval/mux41_inverted.dot",
  "placer": "SA",
  "wires": 60,
  "nNodes": 19,
  "tries": 109,
  "swaps": 60,
  "wrongEdges": 21,
  "area": 110,
  "usedAreaPercentage": 0.554545,
  "extraLayers": 3,
  "extraLayersLevels": [0, 2, 6],
  "placement": [-1, -1, -1, -1, -1, -1, -1, -1, -1, 8, 31, -1, -1, -1, -1, -1, -1, -1, -1, -1, 1, 30, -1, -1, -1, -1, -1, -1, -1, -1, -1, 0, 29, -1, 20, 67, 19, 11, 23, 71, 24, -1, -1, 74, -1, 65, -1, 2, 37, 64, 36, 25, -1, -1, 28, -1, 16, -1, 22, 72, 21, 9, 13, -1, 10, 27, -1, 32, -1, 73, -1, -1, 55, 78, 54, 62, 26, -1, 33, -1, 18, -1, -1, -1, -1, 53, 51, 63, -1, 75, -1, -1, -1, 76, 42, -1, 52, 70, 4, -1, 34, 35, 7, 6, 43, 41, -1, -1, -1, 60, -1, -1, -1, -1, 45, 44, 40, 68, 39, 59, 5],
  "n2c": [31, 20, 47, -1, 98, 120, 103, 102, 9, 61, 64, 37, -1, 62, -1, -1, 56, -1, 80, 36, 34, 60, 58, 38, 40, 51, 76, 65, 54, 32, 21, 10, 67, 78, 100, 101, 50, 48, -1, 118, 116, 105, 94, 104, 115, 114, -1, -1, -1, -1, -1, 86, 96, 85, 74, 72, -1, -1, -1, 119, 109, -1, 75, 87, 49, 45, -1, 35, 117, -1, 97, 39, 59, 69, 43, 89, 93, -1, 73]
}
