{
  "success": 0,
  "time": 0.406447,
  "dotName": "mux41_inverted",
  "dotPath": "/home/jeronimo/Documentos/GIT/PeR/benchmarks/qca/eval/mux41_inverted.dot",
  "placer": "SA",
  "wires": 44,
  "nNodes": 19,
  "tries": 86,
  "swaps": 47,
  "wrongEdges": 19,
  "area": 81,
  "usedAreaPercentage": 0.592593,
  "extraLayers": 1,
  "extraLayersLevels": [3],
  "placement": [-1, -1, -1, -1, -1, -1, -1, -1, -1, -1, -1, -1, -1, -1, -1, -1, 6, 1, 0, -1, -1, -1, -1, -1, -1, -1, 7, 53, 52, -1, -1, -1, -1, -1, -1, 21, 14, 62, 51, -1, -1, -1, -1, -1, -1, 9, 55, 54, 10, -1, -1, 12, 23, 24, 25, 13, 8, -1, -1, -1, 18, 36, 56, -1, -1, -1, 31, 30, 29, -1, 22, 37, 11, 3, 33, 34, 35, 5, 28, -1, 57, 2, 19, 20, 59, -1, -1, 4, 58, -1, -1, 17, 38, 16, 32, -1, -1, 26, 27, -1],
  "n2c": [18, 17, 81, 73, 87, 77, 16, 26, 56, 45, 48, 72, 51, 55, 36, -1, 93, 91, 60, 82, 83, 35, 70, 52, 53, 54, 97, 98, 78, 68, 67, 66, 94, 74, 75, 76, 61, 71, 92, -1, -1, -1, -1, -1, -1, -1, -1, -1, -1, -1, -1, 38, 28, 27, 47, 46, 62, 80, 88, 84, -1, -1, 37]
}
