{
  "success": 0,
  "time": 0.349727,
  "dotName": "mux41_inverted",
  "dotPath": "/home/jeronimo/Documentos/GIT/PeR/benchmarks/qca/eval/mux41_inverted.dot",
  "placer": "SA",
  "wires": 67,
  "nNodes": 19,
  "tries": 112,
  "swaps": 61,
  "wrongEdges": 28,
  "area": 108,
  "usedAreaPercentage": 0.574074,
  "extraLayers": 4,
  "extraLayersLevels": [3, 1, 3, 6],
  "placement": [-1, 0, 1, 15, -1, -1, -1, -1, -1, -1, -1, -1, -1, -1, 6, 46, -1, -1, -1, -1, -1, -1, -1, -1, -1, -1, 45, 69, -1, -1, -1, -1, -1, -1, -1, -1, 42, 43, 44, 47, -1, -1, -1, -1, -1, -1, -1, -1, 83, 61, 48, 77, -1, -1, -1, -1, -1, -1, -1, -1, 60, 84, 49, 50, -1, -1, -1, -1, -1, -1, -1, -1, 41, 33, 7, 14, 21, 22, 80, 57, 2, -1, -1, -1, 76, 34, 35, -1, -1, -1, -1, 19, 73, -1, -1, -1, 40, 25, 24, 23, 79, 56, 11, 74, -1, -1, -1, -1, 68, 13, 12, 36, 64, 37, 75, -1, -1, -1, -1, -1, 39, 8, 31, 30, 29, 28, 81, -1, -1, -1, -1, -1, 5, 4, 63, 26, 71, 27, 58, -1, -1, -1, -1, -1],
  "n2c": [1, 2, 80, -1, 133, 132, 14, 74, 121, -1, -1, 102, 110, 109, 75, 3, -1, -1, -1, 91, -1, 76, 77, 99, 98, 97, 135, 137, 125, 124, 123, 122, -1, 73, 85, 86, 111, 113, -1, 120, 96, 72, 36, 37, 38, 26, 15, 39, 50, 62, 63, -1, -1, -1, -1, -1, 101, 79, 138, -1, 60, 49, -1, 134, 112, -1, -1, -1, 108, 27, -1, 136, -1, 92, 103, 114, 84, 51, -1, 100, 78, 126, -1, 48, 61, -1]
}
