{
  "success": 0,
  "allPlaced": 0,
  "time": 0.387613,
  "dotName": "mux41_inverted",
  "dotPath": "/home/jeronimo/Documentos/GIT/PeR/benchmarks/qca/eval/mux41_inverted.dot",
  "placer": "SA",
  "wires": 52,
  "nNodes": 19,
  "tries": 84,
  "swaps": 53,
  "wrongEdges": 21,
  "area": 121,
  "usedAreaPercentage": 0.446281,
  "extraLayers": 2,
  "extraLayersLevels": [0, 2],
  "placement": [-1, -1, -1, -1, 18, -1, -1, -1, -1, -1, -1, -1, -1, -1, -1, 22, 21, 15, 61, -1, -1, -1, -1, -1, -1, -1, -1, 14, 50, 46, -1, -1, -1, 17, 58, -1, -1, 35, 7, 49, 69, -1, -1, -1, -1, 38, -1, -1, 34, -1, 48, 47, -1, -1, -1, -1, 66, 16, 32, 33, -1, -1, -1, -1, -1, -1, -1, -1, 65, -1, 2, 37, 64, -1, -1, -1, -1, 52, 53, 20, 67, 19, 11, 36, -1, -1, -1, -1, 70, 54, -1, 25, 24, 23, 57, 12, -1, -1, -1, 51, 55, 9, 13, -1, -1, -1, -1, -1, -1, -1, 62, 10, -1, 8, 31, 30, 29, 28, 27, 26, 63],
  "n2c": [-1, -1, 70, -1, -1, -1, -1, 38, 113, 101, 111, 82, 95, 102, 27, 17, 57, 33, 4, 81, 79, 16, 15, 93, 92, 91, 119, 118, 117, 116, 115, 114, 58, 59, 48, 37, 83, 71, 45, -1, -1, -1, -1, -1, -1, -1, 29, 51, 50, 39, 28, 99, 77, 78, 89, 100, -1, 94, 34, -1, -1, 18, 110, 120, 72, 68, 56, 80, -1, 40, 88]
}
