{
  "success": 0,
  "time": 0.398451,
  "dotName": "mux41_inverted",
  "dotPath": "/home/jeronimo/Documentos/GIT/PeR/benchmarks/qca/eval/mux41_inverted.dot",
  "placer": "SA",
  "wires": 52,
  "nNodes": 19,
  "tries": 69,
  "swaps": 43,
  "wrongEdges": 31,
  "area": 99,
  "usedAreaPercentage": 0.444444,
  "extraLayers": 2,
  "extraLayersLevels": [3, 1],
  "placement": [-1, -1, 18, -1, 7, 35, 34, 33, 59, 32, 16, -1, -1, 22, 21, 14, -1, -1, -1, -1, -1, 65, -1, -1, -1, -1, 50, -1, -1, -1, -1, 67, 20, -1, -1, -1, -1, 49, -1, -1, -1, -1, 19, -1, -1, -1, -1, -1, 61, 48, 47, -1, -1, 11, 37, -1, -1, -1, -1, 15, 46, 69, -1, -1, 56, 64, -1, -1, -1, -1, -1, -1, -1, 10, -1, 23, 36, -1, -1, -1, -1, -1, -1, -1, 51, -1, 24, 12, -1, -1, -1, -1, -1, 53, 52, 70, -1, 25, -1, -1, -1, -1, -1, -1, 62, 54, 55, 9, 13, -1, -1, -1, -1, -1, -1, -1, -1, -1, -1, 8, 31],
  "n2c": [-1, -1, -1, -1, -1, -1, -1, 4, 119, 107, 73, 53, 87, 108, 15, 59, 10, -1, 2, 42, 32, 14, 13, 75, 86, 97, -1, -1, -1, -1, -1, 120, 9, 7, 6, 5, 76, 54, -1, -1, -1, -1, -1, -1, -1, -1, 60, 50, 49, 37, 26, 84, 94, 93, 105, 106, 64, -1, -1, 8, -1, 48, 104, -1, 65, 21, -1, 31, -1, 61, 95]
}
