{
  "success": 0,
  "time": 0.272268,
  "dotName": "mux41_inverted",
  "dotPath": "/home/jeronimo/Documentos/GIT/PeR/benchmarks/qca/eval/mux41_inverted.dot",
  "placer": "SA",
  "wires": 60,
  "nNodes": 19,
  "tries": 81,
  "swaps": 48,
  "wrongEdges": 34,
  "area": 99,
  "usedAreaPercentage": 0.494949,
  "extraLayers": 3,
  "extraLayersLevels": [3, 1, 3],
  "placement": [-1, -1, -1, -1, -1, -1, -1, -1, -1, -1, -1, -1, -1, -1, -1, -1, -1, -1, -1, -1, -1, -1, -1, -1, -1, -1, -1, -1, -1, 54, 62, 53, 78, 2, 57, -1, -1, -1, -1, -1, 55, -1, -1, 52, 73, -1, -1, -1, -1, -1, 13, 9, 21, -1, 70, 19, 74, 11, 56, 23, 24, 25, -1, 22, 18, 51, 67, -1, -1, -1, -1, 14, 50, -1, -1, -1, 10, 20, 65, 16, 72, 35, 7, 49, -1, -1, -1, -1, -1, -1, 66, 32, 34, 6, 61, -1, -1, -1, -1, -1, 17, 38, 59, 33, -1, 48, -1, -1, -1, -1, -1, -1, -1, -1, -1, -1, 77, 47, 69, 46, 15],
  "n2c": [-1, -1, 33, -1, -1, -1, 93, 82, -1, 51, 76, 57, -1, 50, 71, 120, 79, 100, 64, 55, 77, 52, 63, 59, 60, 61, -1, -1, -1, -1, -1, -1, 91, 103, 92, 81, -1, -1, 101, -1, -1, -1, -1, -1, -1, -1, 119, 117, 105, 83, 72, 65, 43, 31, 29, 40, 58, 34, -1, 102, -1, 94, 30, -1, -1, 78, 90, 66, -1, 118, 54, -1, 80, 44, 56, -1, -1, 116, 32]
}
