{
  "success": 0,
  "allPlaced": 0,
  "time": 0.313033,
  "dotName": "mux41_inverted",
  "dotPath": "/home/jeronimo/Documentos/GIT/PeR/benchmarks/qca/eval/mux41_inverted.dot",
  "placer": "SA",
  "wires": 68,
  "nNodes": 19,
  "tries": 98,
  "swaps": 53,
  "wrongEdges": 37,
  "area": 132,
  "usedAreaPercentage": 0.409091,
  "extraLayers": 4,
  "extraLayersLevels": [0, 2, 6, 4],
  "placement": [-1, 29, 74, 28, 27, 79, 26, 63, 4, -1, -1, -1, -1, 30, -1, -1, -1, -1, -1, 5, 60, -1, -1, -1, -1, 31, -1, -1, -1, -1, -1, 59, -1, -1, -1, -1, 13, 8, -1, -1, -1, -1, -1, 39, -1, -1, -1, -1, 25, -1, -1, -1, -1, -1, -1, 68, -1, -1, -1, -1, 24, -1, -1, -1, -1, -1, -1, 40, -1, -1, -1, -1, 71, 23, 11, -1, -1, -1, -1, 84, -1, -1, -1, -1, -1, -1, 82, -1, -1, -1, -1, 41, -1, -1, -1, -1, -1, 81, 19, 49, 48, 85, 47, 42, -1, -1, -1, -1, 18, 2, -1, 77, 61, 46, 69, 76, -1, -1, -1, -1, 73, 22, -1, 50, 15, -1, -1, 43, -1, -1, 0, -1, -1, 72, 21, 14, 7, -1, -1, 44, 45, 6, 1, -1],
  "n2c": [130, 142, 109, -1, 8, 19, 141, 136, 37, -1, -1, 74, -1, 36, 135, 124, -1, -1, 108, 98, -1, 134, 121, 73, 60, 48, 6, 4, 3, 1, 13, 25, -1, -1, -1, -1, -1, -1, -1, 43, 67, 91, 103, 127, 139, 140, 113, 102, 100, 99, 123, -1, -1, -1, -1, -1, -1, -1, -1, 31, 20, 112, -1, 7, -1, -1, -1, -1, 55, 114, -1, 72, 133, 120, 2, -1, 115, 111, -1, 5, -1, 97, 86, -1, 79, 101, -1]
}
