{
  "success": 0,
  "allPlaced": 0,
  "time": 0.280786,
  "dotName": "mux41_inverted",
  "dotPath": "/home/jeronimo/Documentos/GIT/PeR/benchmarks/qca/eval/mux41_inverted.dot",
  "placer": "SA",
  "wires": 44,
  "nNodes": 19,
  "tries": 77,
  "swaps": 48,
  "wrongEdges": 18,
  "area": 90,
  "usedAreaPercentage": 0.544444,
  "extraLayers": 1,
  "extraLayersLevels": [0],
  "placement": [18, 22, -1, -1, -1, -1, -1, -1, -1, -1, -1, 21, -1, -1, -1, -1, -1, -1, -1, -1, 7, 14, 50, 49, 48, -1, -1, 62, 10, -1, 35, 15, 61, 46, 47, -1, -1, 51, -1, -1, 34, -1, 2, 37, 36, 54, 53, 52, -1, -1, 33, 20, 19, 11, 57, 55, -1, -1, -1, -1, 32, 16, 38, 23, 12, 9, -1, -1, -1, -1, -1, 17, 58, 24, 25, 13, -1, -1, -1, -1, -1, -1, -1, -1, -1, 8, 31, -1, -1, -1, 60, 4, 26, 27, 28, 29, 30, -1, -1, -1],
  "n2c": [-1, -1, 42, -1, 91, -1, -1, 20, 85, 65, 28, 53, 64, 75, 21, 31, 61, 71, 0, 52, 51, 11, 1, 63, 73, 74, 92, 93, 94, 95, 96, 86, 60, 50, 40, 30, 44, 43, 62, -1, -1, -1, -1, -1, -1, -1, 33, 34, 24, 23, 22, 37, 47, 46, 45, 55, -1, 54, 72, -1, 90, 32, 27]
}
