{
  "success": 0,
  "allPlaced": 1,
  "time": 0.213735,
  "dotName": "newtag_inverted",
  "dotPath": "/home/jeronimo/Documentos/GIT/PeR/benchmarks/qca/eval/newtag_inverted.dot",
  "placer": "SA",
  "wires": 14,
  "nNodes": 24,
  "tries": 49,
  "swaps": 37,
  "wrongEdges": 1,
  "area": 81,
  "usedAreaPercentage": 0.469136,
  "extraLayers": 1,
  "extraLayersLevels": [2],
  "placement": [-1, -1, -1, -1, -1, 25, 8, 7, -1, -1, -1, -1, -1, -1, 34, 9, 6, -1, -1, 23, -1, -1, -1, 11, 35, 20, 26, 22, 13, -1, -1, -1, 10, -1, -1, 21, -1, 12, -1, -1, -1, 24, -1, -1, -1, -1, 32, 14, 17, 18, 1, 0, -1, -1, -1, 3, 33, -1, 30, 29, 36, -1, -1, 31, 2, 15, -1, 19, 27, 28, -1, -1, 37, 16, 4, 5, -1, -1, -1, -1, -1],
  "n2c": [51, 50, 64, 55, 74, 75, 16, 7, 6, 15, 32, 23, 37, 28, 47, 65, 73, 48, 49, 67, 25, 35, 27, 19, 41, 5, 26, 68, 69, 59, 58, 63, 46, 56, 14, 24, 60, 72]
}
