{
  "success": 0,
  "time": 0.626622,
  "dotName": "newtag_inverted",
  "dotPath": "/home/jeronimo/Documentos/GIT/PeR/benchmarks/qca/eval/newtag_inverted.dot",
  "placer": "SA",
  "wires": 33,
  "nNodes": 24,
  "tries": 57,
  "swaps": 42,
  "wrongEdges": 15,
  "area": 81,
  "usedAreaPercentage": 0.530864,
  "extraLayers": 4,
  "extraLayersLevels": [0, 1, 6, 4],
  "placement": [-1, -1, -1, -1, -1, -1, -1, 38, 7, -1, -1, -1, -1, -1, -1, -1, -1, 46, -1, -1, -1, -1, -1, -1, -1, 54, 20, 6, -1, -1, 39, 47, 8, 25, 53, 11, 26, -1, -1, -1, 9, -1, -1, 24, 48, 10, 42, -1, -1, -1, 17, 50, 18, 1, 0, 3, 34, -1, -1, -1, 14, 52, 15, 2, 45, 37, 21, -1, -1, -1, 51, 41, 4, 16, 56, 31, -1, -1, -1, -1, 12, 13, 44, 36, 5, -1, -1, -1, -1, -1, -1, -1, -1, -1, -1, -1, -1, -1, -1, -1],
  "n2c": [54, 53, 63, 55, 72, 84, 27, 8, 32, 40, 45, 35, 80, 81, 60, 62, 73, 50, 52, -1, 26, 66, -1, -1, 43, 33, 36, -1, -1, -1, -1, 75, -1, -1, 56, -1, 83, 65, 7, 30, -1, 71, 46, -1, 82, 64, 17, 31, 44, -1, 51, 70, 61, 34, 25, -1, 74]
}
