{
  "success": 0,
  "time": 0.164729,
  "dotName": "newtag_inverted",
  "dotPath": "/home/jeronimo/Documentos/GIT/PeR/benchmarks/qca/eval/newtag_inverted.dot",
  "placer": "SA",
  "wires": 8,
  "nNodes": 24,
  "tries": 44,
  "swaps": 31,
  "wrongEdges": 1,
  "area": 56,
  "usedAreaPercentage": 0.571429,
  "extraLayers": 0,
  "extraLayersLevels": [],
  "placement": [-1, -1, -1, -1, -1, -1, -1, -1, -1, -1, 7, 6, -1, -1, 19, 27, -1, -1, -1, 20, 26, 21, -1, 28, -1, -1, 25, 11, 10, 24, -1, 29, -1, -1, 8, 3, 0, 1, 18, 30, -1, -1, 9, 2, 16, 31, 17, -1, -1, 23, 14, 15, 4, 5, -1, -1, 22, 13, 12, -1, -1, -1, -1, -1],
  "n2c": [36, 37, 43, 35, 52, 53, 11, 10, 34, 42, 28, 27, 58, 57, 50, 51, 44, 46, 38, 14, 19, 21, 56, 49, 29, 26, 20, 15, 23, 31, 39, 45]
}
