{
  "success": 0,
  "time": 0.352974,
  "dotName": "newtag_inverted",
  "dotPath": "/home/jeronimo/Documentos/GIT/PeR/benchmarks/qca/eval/newtag_inverted.dot",
  "placer": "SA",
  "wires": 16,
  "nNodes": 24,
  "tries": 53,
  "swaps": 39,
  "wrongEdges": 1,
  "area": 72,
  "usedAreaPercentage": 0.555556,
  "extraLayers": 1,
  "extraLayersLevels": [0],
  "placement": [-1, -1, -1, -1, -1, 8, 39, 21, -1, 27, 28, -1, -1, -1, 25, 9, 34, -1, 35, 29, -1, 24, 10, 11, 20, 26, -1, 19, 30, 18, 1, -1, -1, 6, -1, -1, -1, -1, 17, 0, -1, -1, 38, -1, -1, -1, -1, 31, -1, -1, -1, 7, -1, -1, -1, 3, 16, 4, 36, 5, -1, -1, -1, -1, 37, 2, 15, 23, 32, -1, -1, -1, -1, -1, -1, 14, 12, 13, 33, 22, -1],
  "n2c": [39, 30, 65, 55, 57, 59, 33, 51, 5, 15, 22, 23, 76, 77, 75, 66, 56, 38, 29, 27, 24, 7, 79, 67, 21, 14, 25, 9, 10, 19, 28, 47, 68, 78, 16, 18, 58, 64, 42, 6]
}
