{
  "success": 0,
  "time": 0.353467,
  "dotName": "newtag_inverted",
  "dotPath": "/home/jeronimo/Documentos/GIT/PeR/benchmarks/qca/eval/newtag_inverted.dot",
  "placer": "SA",
  "wires": 27,
  "nNodes": 24,
  "tries": 57,
  "swaps": 42,
  "wrongEdges": 9,
  "area": 90,
  "usedAreaPercentage": 0.477778,
  "extraLayers": 3,
  "extraLayersLevels": [0, 1, 6],
  "placement": [-1, -1, -1, -1, -1, -1, -1, -1, -1, -1, 42, 26, 20, 11, 10, 48, -1, -1, -1, -1, 34, -1, 6, 0, 1, 24, -1, -1, -1, -1, 21, -1, 30, 49, 18, -1, -1, -1, 22, 33, -1, -1, 29, -1, 50, 17, 14, 12, 13, 41, 43, 27, 28, -1, 45, 2, 15, -1, 40, -1, 35, -1, -1, -1, 37, 16, 4, -1, 32, 23, 19, -1, -1, -1, 3, 31, 44, -1, -1, -1, -1, -1, -1, -1, -1, -1, 36, -1, -1, -1, -1, -1, -1, -1, -1, -1, 5, -1, -1, -1],
  "n2c": [23, 24, 55, 74, 66, 96, 22, -1, -1, -1, 14, 13, 47, 48, 46, 56, 65, 45, 34, 70, 12, 30, 38, 69, 25, -1, 11, 51, 52, 42, 32, 75, 68, 39, 20, 60, 86, 64, -1, -1, 58, 49, 10, 50, 76, 54, -1, -1, 15, 33, 44]
}
