{
  "success": 0,
  "time": 0.23657,
  "dotName": "newtag_inverted",
  "dotPath": "/home/jeronimo/Documentos/GIT/PeR/benchmarks/qca/eval/newtag_inverted.dot",
  "placer": "SA",
  "wires": 24,
  "nNodes": 24,
  "tries": 57,
  "swaps": 42,
  "wrongEdges": 6,
  "area": 81,
  "usedAreaPercentage": 0.530864,
  "extraLayers": 2,
  "extraLayersLevels": [0, 1],
  "placement": [-1, -1, -1, 43, 35, 19, -1, 42, 34, -1, -1, -1, 27, 28, 29, -1, 26, 21, -1, -1, -1, 3, -1, 30, 0, 20, 6, -1, -1, -1, 37, 17, 18, 1, 11, 46, -1, 23, -1, 45, 31, -1, 24, 10, 38, -1, 32, -1, 2, 16, -1, -1, -1, 7, -1, 40, 14, 15, 4, 44, 36, 5, -1, 41, 13, 12, -1, -1, -1, -1, -1, -1, 33, 22, -1, -1, -1, -1, -1, -1, -1],
  "n2c": [24, 33, 48, 21, 58, 61, 26, 53, -1, -1, 43, 34, 65, 64, 56, 57, 49, 31, 32, 5, 25, 17, 73, 37, 42, -1, 16, 12, 13, 14, 23, 40, 46, 72, 8, 4, 60, 30, 44, -1, 55, 63, 7, 3, 59, 39, 35, -1]
}
