{
  "success": 0,
  "allPlaced": 0,
  "time": 0.256067,
  "dotName": "newtag_inverted",
  "dotPath": "/home/jeronimo/Documentos/GIT/PeR/benchmarks/qca/eval/newtag_inverted.dot",
  "placer": "SA",
  "wires": 20,
  "nNodes": 24,
  "tries": 61,
  "swaps": 41,
  "wrongEdges": 3,
  "area": 81,
  "usedAreaPercentage": 0.518519,
  "extraLayers": 2,
  "extraLayersLevels": [2, 3],
  "placement": [-1, 31, 43, 37, 16, 2, 3, -1, -1, -1, -1, -1, 19, 4, 15, -1, 23, -1, -1, 36, 28, 27, 5, 33, -1, 13, 22, -1, 42, 29, 30, -1, 39, -1, 12, -1, -1, -1, -1, 18, 17, 14, 38, 32, -1, 8, 25, 24, 1, 0, -1, -1, -1, -1, 9, 34, 10, 6, 7, -1, -1, -1, -1, -1, 40, 11, 20, -1, -1, -1, -1, -1, -1, -1, 41, 35, -1, -1, -1, -1, -1],
  "n2c": [49, 48, 5, 6, 13, 22, 57, 58, 45, 54, 56, 65, 34, 25, 41, 14, 4, 40, 39, 12, 66, -1, 26, 16, 47, 46, -1, 21, 20, 29, 30, 1, 43, 23, 55, 75, 19, 3, 42, 32, 64, 74, 28, 2]
}
