{
  "success": 0,
  "allPlaced": 0,
  "time": 0.367989,
  "dotName": "par_check_inverted",
  "dotPath": "/home/jeronimo/Documentos/GIT/PeR/benchmarks/qca/eval/par_check_inverted.dot",
  "placer": "SA",
  "wires": 30,
  "nNodes": 20,
  "tries": 83,
  "swaps": 43,
  "wrongEdges": 12,
  "area": 81,
  "usedAreaPercentage": 0.54321,
  "extraLayers": 2,
  "extraLayersLevels": [0, 0],
  "placement": [-1, -1, -1, -1, -1, -1, -1, -1, -1, -1, -1, -1, -1, -1, -1, -1, 38, 30, 16, -1, -1, 37, 44, 18, -1, -1, 45, 4, 8, -1, -1, 27, 13, 22, -1, -1, 31, 14, 41, -1, -1, -1, 10, 23, -1, 6, 7, 1, 48, -1, -1, -1, 42, 5, 32, 15, 17, 0, 9, 47, -1, -1, 49, -1, -1, -1, 35, 34, 33, 40, -1, -1, 11, 43, 36, 24, 25, 26, 12, -1, -1, -1, -1, -1, -1, -1, -1, -1, 20, 21, -1, -1, -1, -1, -1, -1, -1, -1, -1, 19],
  "n2c": [57, 47, -1, -1, 27, 53, 45, 46, 28, 58, 42, 72, 78, 32, 37, 55, 18, 56, 23, 99, 88, 89, 33, 43, 75, 76, 77, 31, -1, -1, 17, 36, 54, 68, 67, 66, 74, 21, 16, -1, 69, 38, 52, 73, 22, 26, -1, 59, 48, 62]
}
