{
  "success": 0,
  "time": 0.223171,
  "dotName": "par_check_inverted",
  "dotPath": "/home/jeronimo/Documentos/GIT/PeR/benchmarks/qca/eval/par_check_inverted.dot",
  "placer": "SA",
  "wires": 34,
  "nNodes": 20,
  "tries": 77,
  "swaps": 39,
  "wrongEdges": 20,
  "area": 90,
  "usedAreaPercentage": 0.444444,
  "extraLayers": 3,
  "extraLayersLevels": [2, 2, 5],
  "placement": [-1, -1, -1, -1, -1, -1, -1, -1, -1, -1, 34, 47, 41, 35, 52, 17, -1, -1, -1, -1, 33, -1, -1, -1, 31, 7, -1, -1, -1, -1, 9, 8, -1, -1, -1, 6, 15, -1, -1, -1, -1, 16, 30, -1, -1, -1, 32, 5, -1, -1, -1, -1, 3, 2, -1, -1, -1, 4, 14, 1, 19, 38, 44, 21, -1, -1, -1, -1, -1, 0, 11, 24, -1, 43, 37, 20, 53, -1, -1, -1, -1, 25, -1, -1, -1, 50, -1, -1, -1, -1, -1, 45, 39, 26, 49, 12, -1, -1, -1, -1],
  "n2c": [69, 59, 53, 52, 57, 47, 35, 25, 31, 30, -1, 70, 95, -1, 58, 36, 41, 15, -1, 60, 75, 63, -1, -1, 71, 81, 93, -1, -1, -1, 42, 24, 46, 20, 10, 13, -1, 74, 61, 92, -1, 12, -1, 73, 62, 91, -1, 11, -1, 94, 85, -1, 14, 76]
}
