{
  "success": 0,
  "allPlaced": 0,
  "time": 0.208108,
  "dotName": "par_check_inverted",
  "dotPath": "/home/jeronimo/Documentos/GIT/PeR/benchmarks/qca/eval/par_check_inverted.dot",
  "placer": "SA",
  "wires": 16,
  "nNodes": 20,
  "tries": 51,
  "swaps": 25,
  "wrongEdges": 16,
  "area": 56,
  "usedAreaPercentage": 0.464286,
  "extraLayers": 0,
  "extraLayersLevels": [],
  "placement": [-1, -1, -1, 34, 33, 9, -1, -1, -1, -1, -1, 35, 17, 8, -1, -1, -1, -1, -1, 12, 20, 16, 30, 3, -1, -1, -1, 5, 4, 28, -1, 2, -1, -1, 15, 32, -1, 29, -1, 21, 1, 0, 6, -1, -1, -1, -1, 19, 14, 31, 7, -1, -1, -1, -1, -1, -1, -1, -1, -1, -1, -1, -1, -1],
  "n2c": [41, 40, 31, 23, 28, 27, 42, 50, 13, 5, -1, -1, 19, -1, 48, 34, 21, 12, -1, 47, 20, 39, -1, -1, -1, -1, -1, -1, 29, 37, 22, 49, 35, 4, 3, 11]
}
