{
  "success": 0,
  "time": 0.264672,
  "dotName": "par_gen_inverted",
  "dotPath": "/home/jeronimo/Documentos/GIT/PeR/benchmarks/qca/eval/par_gen_inverted.dot",
  "placer": "SA",
  "wires": 17,
  "nNodes": 14,
  "tries": 57,
  "swaps": 30,
  "wrongEdges": 2,
  "area": 64,
  "usedAreaPercentage": 0.484375,
  "extraLayers": 3,
  "extraLayersLevels": [2, 7, 5],
  "placement": [-1, 0, 27, -1, -1, -1, -1, -1, 29, 12, 1, -1, -1, -1, -1, -1, 19, -1, 22, 11, 4, 5, -1, -1, 18, -1, 30, 23, -1, 14, -1, -1, 25, -1, 13, 7, 24, 10, 2, 3, 17, -1, 21, 6, -1, -1, -1, 15, 16, -1, 26, 28, -1, -1, -1, -1, 9, 8, 20, -1, -1, -1, -1, -1],
  "n2c": [1, 10, 38, 39, 20, 21, 43, 35, 57, 56, 37, 19, 9, 34, 29, 47, 48, 40, 24, 16, 58, 42, 18, 27, 36, 32, 50, 2, 51, 8, 26]
}
