{
  "success": 0,
  "time": 0.32504,
  "dotName": "par_check_inverted",
  "dotPath": "/home/jeronimo/Documentos/GIT/PeR/benchmarks/qca/eval/par_check_inverted.dot",
  "placer": "SA",
  "wires": 28,
  "nNodes": 20,
  "tries": 76,
  "swaps": 39,
  "wrongEdges": 14,
  "area": 81,
  "usedAreaPercentage": 0.493827,
  "extraLayers": 2,
  "extraLayersLevels": [2, 2],
  "placement": [-1, -1, -1, -1, -1, 1, 14, 31, -1, -1, -1, 40, 28, -1, 0, 4, -1, -1, 2, -1, 46, 29, -1, 32, 5, -1, -1, 3, 30, 16, 7, 6, 15, 12, -1, -1, -1, -1, 8, 9, -1, -1, 26, 39, 45, -1, -1, -1, 33, -1, -1, -1, -1, 25, -1, -1, -1, 34, 19, 38, 44, -1, 24, -1, -1, -1, 47, 41, 35, 21, 43, 11, -1, -1, -1, -1, -1, 17, 20, 37, -1],
  "n2c": [14, 5, 18, 27, 15, 24, 31, 30, 38, 39, -1, 71, 33, -1, 6, 32, 29, 77, -1, 58, 78, 69, -1, -1, 62, 53, 42, -1, 12, 21, 28, 7, 23, 48, 57, 68, -1, 79, 59, 43, 11, 67, -1, 70, 60, 44, 20, 66]
}
