{
  "success": 0,
  "time": 0.171889,
  "dotName": "par_gen_inverted",
  "dotPath": "/home/jeronimo/Documentos/GIT/PeR/benchmarks/qca/eval/par_gen_inverted.dot",
  "placer": "SA",
  "wires": 14,
  "nNodes": 14,
  "tries": 50,
  "swaps": 27,
  "wrongEdges": 2,
  "area": 48,
  "usedAreaPercentage": 0.583333,
  "extraLayers": 2,
  "extraLayersLevels": [2, 7],
  "placement": [-1, 22, 13, 21, 26, 20, 8, 9, 10, 24, 7, 6, -1, -1, -1, 16, 14, -1, 23, 12, 19, 18, 25, 17, 5, 4, 11, 1, 27, 0, -1, -1, -1, -1, 15, -1, -1, -1, -1, -1, -1, -1, 3, 2, -1, -1, -1, -1, -1, -1, -1, -1, -1, -1, -1, -1, -1, -1, -1, -1, -1, -1, -1, -1],
  "n2c": [29, 27, 43, 42, 25, 24, 11, 10, 6, 7, 8, 26, 19, 2, 16, 34, 15, 23, 21, 20, 5, 3, 1, 18, 9, 22, 4, 28]
}
