{
  "success": 0,
  "allPlaced": 1,
  "time": 0.244312,
  "dotName": "par_gen_inverted",
  "dotPath": "/home/jeronimo/Documentos/GIT/PeR/benchmarks/qca/eval/par_gen_inverted.dot",
  "placer": "SA",
  "wires": 17,
  "nNodes": 14,
  "tries": 58,
  "swaps": 30,
  "wrongEdges": 2,
  "area": 56,
  "usedAreaPercentage": 0.553571,
  "extraLayers": 4,
  "extraLayersLevels": [7, 7, 1, 6],
  "placement": [-1, 27, 16, -1, -1, -1, -1, -1, -1, 17, 9, 8, -1, -1, -1, -1, -1, 18, -1, 28, -1, -1, -1, -1, -1, 19, -1, 20, 21, -1, -1, -1, -1, 12, 6, 7, 10, 24, 14, 5, -1, 30, -1, 13, 23, -1, -1, 4, -1, 1, 29, 22, 2, -1, 11, 25, -1, 0, -1, -1, 3, 15, 26, -1],
  "n2c": [57, 49, 52, 60, 47, 39, 34, 35, 11, 10, 36, 54, 33, 43, 38, 61, 2, 9, 17, 25, 27, 28, 51, 44, 37, 55, 62, 1, 19, 50, 41]
}
