{
  "success": 0,
  "allPlaced": 0,
  "time": 0.282457,
  "dotName": "par_check_inverted",
  "dotPath": "/home/jeronimo/Documentos/GIT/PeR/benchmarks/qca/eval/par_check_inverted.dot",
  "placer": "SA",
  "wires": 23,
  "nNodes": 20,
  "tries": 61,
  "swaps": 32,
  "wrongEdges": 16,
  "area": 56,
  "usedAreaPercentage": 0.589286,
  "extraLayers": 1,
  "extraLayersLevels": [0],
  "placement": [-1, -1, -1, -1, -1, -1, -1, -1, -1, -1, -1, -1, -1, -1, -1, -1, -1, -1, -1, 5, 23, 22, 13, 10, 42, 11, -1, -1, 4, 18, 37, 27, -1, -1, 36, -1, -1, 14, 31, 0, 1, -1, -1, 24, -1, 35, 17, 7, 6, 15, -1, -1, 25, -1, 34, -1, -1, -1, 32, -1, 12, 26, -1, 33, -1, -1, -1, -1, -1, 20, -1, -1, 40, 9, -1, -1, -1, 19, 21, -1, -1],
  "n2c": [39, 40, -1, -1, 28, 19, 48, 47, -1, 73, 23, 25, 60, 22, 37, 49, -1, 46, 29, 77, 69, 78, 21, 20, 43, 52, 61, 31, -1, -1, -1, 38, 58, 63, 54, 45, 34, 30, -1, -1, 72, -1, 24]
}
