{
  "success": 0,
  "allPlaced": 1,
  "time": 0.312049,
  "dotName": "par_gen_inverted",
  "dotPath": "/home/jeronimo/Documentos/GIT/PeR/benchmarks/qca/eval/par_gen_inverted.dot",
  "placer": "SA",
  "wires": 9,
  "nNodes": 14,
  "tries": 41,
  "swaps": 22,
  "wrongEdges": 4,
  "area": 42,
  "usedAreaPercentage": 0.547619,
  "extraLayers": 0,
  "extraLayersLevels": [],
  "placement": [-1, -1, -1, -1, -1, -1, -1, 0, -1, -1, -1, -1, 3, 15, 1, -1, -1, -1, -1, 2, -1, 22, -1, -1, 5, 14, 10, -1, 13, 7, 11, 4, -1, 21, 20, -1, 6, -1, -1, -1, 9, 8, -1, 12, 19, 18, 17, 16, -1],
  "n2c": [7, 14, 19, 12, 31, 24, 36, 29, 41, 40, 26, 30, 43, 28, 25, 13, 47, 46, 45, 44, 34, 33, 21]
}
