{
  "success": 0,
  "allPlaced": 0,
  "time": 0.439844,
  "dotName": "par_check_inverted",
  "dotPath": "/home/jeronimo/Documentos/GIT/PeR/benchmarks/qca/eval/par_check_inverted.dot",
  "placer": "SA",
  "wires": 43,
  "nNodes": 20,
  "tries": 90,
  "swaps": 46,
  "wrongEdges": 22,
  "area": 90,
  "usedAreaPercentage": 0.522222,
  "extraLayers": 4,
  "extraLayersLevels": [0, 0, 2, 6],
  "placement": [-1, 35, 34, 33, 54, 40, 47, 9, 55, -1, -1, 61, 17, -1, -1, -1, -1, 48, 41, -1, -1, -1, 62, 20, -1, 24, 50, 36, 43, 11, -1, -1, -1, 59, -1, 25, -1, -1, -1, 49, -1, -1, -1, 12, 58, 26, -1, 23, 57, 42, -1, -1, -1, 5, 32, -1, -1, -1, 22, 56, -1, -1, 14, 4, -1, -1, -1, -1, 13, 10, -1, 7, 31, -1, -1, -1, -1, -1, 27, -1, -1, 6, 0, -1, -1, -1, -1, 18, 51, -1, -1, 15, 1, -1, -1, -1, -1, 44, 37, -1],
  "n2c": [82, 92, -1, -1, 63, 53, 81, 71, -1, 7, 69, 29, 43, 68, 62, 91, -1, 12, 87, -1, 23, -1, 58, 47, 25, 35, 45, 78, -1, -1, -1, 72, 54, 3, 2, 1, 27, 98, -1, -1, 5, 18, 49, 28, 97, -1, -1, 6, 17, 39, 26, 88, -1, -1, 4, 8, 59, 48, 44, 33, -1, 11, 22]
}
