{
  "success": 0,
  "allPlaced": 1,
  "time": 0.24466,
  "dotName": "par_gen_inverted",
  "dotPath": "/home/jeronimo/Documentos/GIT/PeR/benchmarks/qca/eval/par_gen_inverted.dot",
  "placer": "SA",
  "wires": 15,
  "nNodes": 14,
  "tries": 53,
  "swaps": 28,
  "wrongEdges": 2,
  "area": 56,
  "usedAreaPercentage": 0.517857,
  "extraLayers": 3,
  "extraLayersLevels": [7, 7, 1],
  "placement": [-1, -1, -1, -1, -1, 24, 14, 5, 27, 17, 18, 19, -1, 10, -1, 4, 16, 9, -1, 12, 6, 7, 11, 25, -1, 8, 28, 20, 21, 13, 26, -1, -1, -1, -1, -1, -1, 22, 15, 3, -1, -1, -1, -1, -1, 1, -1, 2, -1, -1, -1, -1, -1, 0, -1, 23, -1, -1, -1, -1, -1, -1, -1, -1],
  "n2c": [53, 45, 47, 39, 15, 7, 20, 21, 25, 17, 13, 22, 19, 29, 6, 38, 16, 9, 10, 11, 27, 28, 37, 55, 5, 23, 30, 8, 26]
}
