{
  "success": 0,
  "time": 0.217581,
  "dotName": "par_check_inverted",
  "dotPath": "/home/jeronimo/Documentos/GIT/PeR/benchmarks/qca/eval/par_check_inverted.dot",
  "placer": "SA",
  "wires": 22,
  "nNodes": 20,
  "tries": 76,
  "swaps": 39,
  "wrongEdges": 8,
  "area": 81,
  "usedAreaPercentage": 0.493827,
  "extraLayers": 1,
  "extraLayersLevels": [2],
  "placement": [-1, -1, -1, 23, 22, 36, 13, 27, 18, -1, -1, -1, 5, -1, 11, 10, -1, -1, -1, -1, -1, 32, -1, 24, -1, -1, -1, -1, -1, 6, 15, -1, 25, 39, 26, -1, -1, 31, 7, 17, 35, 41, 34, 12, 20, 4, 14, 1, 0, 40, 9, 33, -1, 37, -1, -1, -1, -1, 16, 8, -1, 38, 21, -1, -1, -1, -1, 30, -1, -1, 19, -1, -1, -1, -1, 2, 3, -1, -1, -1, -1],
  "n2c": [48, 47, 75, 76, 45, 12, 29, 38, 59, 50, 15, 14, 43, 6, 46, 30, 58, 39, 8, 70, 44, 62, 4, 3, 23, 32, 34, 7, -1, -1, 67, 37, 21, 51, 42, 40, 5, 53, 61, 33, 49, 41]
}
