{
  "success": 0,
  "time": 0.357709,
  "dotName": "RCA2_inverted",
  "dotPath": "/home/jeronimo/Documentos/GIT/PeR/benchmarks/qca/eval/RCA2_inverted.dot",
  "placer": "SA",
  "wires": 36,
  "nNodes": 30,
  "tries": 76,
  "swaps": 39,
  "wrongEdges": 35,
  "area": 99,
  "usedAreaPercentage": 0.40404,
  "extraLayers": 0,
  "extraLayersLevels": [],
  "placement": [-1, -1, -1, -1, -1, -1, -1, 49, 14, 15, -1, -1, -1, -1, -1, -1, -1, -1, 17, 16, 7, 6, -1, -1, -1, -1, -1, -1, -1, 9, 40, 38, -1, 45, 46, 47, 48, -1, -1, -1, 33, -1, 41, -1, 21, 22, -1, 24, 10, -1, -1, 32, -1, 18, -1, 23, 11, -1, -1, 34, 64, 65, 20, -1, 42, -1, 62, 37, -1, -1, -1, -1, -1, 1, 44, 43, -1, 61, 35, 27, -1, -1, -1, -1, 0, -1, -1, -1, 60, 59, -1, -1, -1, -1, -1, -1, -1, -1, -1, -1, -1, -1, -1, -1, -1, -1, -1, -1, -1, -1, -1, -1, -1, -1, -1, -1, -1, -1, -1, -1, -1],
  "n2c": [84, 73, -1, -1, -1, -1, 21, 20, -1, 29, 48, 56, -1, -1, 8, 9, 19, 18, 53, -1, 62, 44, 45, 55, 47, -1, -1, 79, -1, -1, -1, -1, 51, 40, 59, 78, -1, 67, 31, -1, 30, 42, 64, 75, 74, 33, 34, 35, 36, 7, -1, -1, -1, -1, -1, -1, -1, -1, -1, 89, 88, 77, 66, -1, 60, 61]
}
