{
  "success": 0,
  "time": 0.455277,
  "dotName": "RCA2_inverted",
  "dotPath": "/home/jeronimo/Documentos/GIT/PeR/benchmarks/qca/eval/RCA2_inverted.dot",
  "placer": "SA",
  "wires": 60,
  "nNodes": 30,
  "tries": 87,
  "swaps": 45,
  "wrongEdges": 52,
  "area": 110,
  "usedAreaPercentage": 0.418182,
  "extraLayers": 3,
  "extraLayersLevels": [2, 4, 1],
  "placement": [-1, -1, -1, -1, -1, -1, -1, -1, -1, -1, -1, -1, 89, 6, 70, -1, -1, -1, -1, -1, -1, -1, -1, -1, 7, 16, -1, -1, -1, -1, -1, -1, -1, -1, -1, -1, 15, 14, 87, 49, -1, -1, -1, -1, -1, -1, -1, -1, -1, -1, -1, 69, -1, -1, -1, -1, -1, -1, -1, -1, -1, -1, -1, 17, 77, -1, 13, 12, 3, 2, -1, -1, -1, -1, -1, 75, 29, -1, 56, -1, 58, -1, -1, -1, -1, 39, 74, 9, 33, 32, 20, 57, 25, -1, -1, -1, -1, 84, 40, -1, 1, 8, -1, -1, 30, 31, -1, -1, -1, 38, 66, -1, 44, -1, -1, -1, -1, 26, -1, -1, -1, 67, -1, -1, 43, -1, -1, -1, -1, 5, -1, -1, -1, 41, 76, 18, 42, -1, -1, -1, -1, 4, -1, -1],
  "n2c": [-1, 100, 69, 68, 141, 129, 13, 24, 101, 87, -1, -1, 67, 66, 37, 36, 25, 63, 135, -1, 90, -1, -1, -1, -1, 92, 117, -1, -1, 76, 104, 105, 89, 88, -1, -1, -1, -1, 109, 85, 98, 133, 136, 124, 112, -1, -1, -1, -1, 39, -1, -1, -1, -1, -1, -1, 78, 91, 80, -1, -1, -1, -1, -1, -1, -1, 110, 121, -1, 51, 14, -1, -1, -1, 86, 75, 134, 64, -1, -1, -1, -1, -1, -1, 97, -1, -1, 38, -1, 12]
}
