{
  "success": 0,
  "allPlaced": 0,
  "time": 0.411531,
  "dotName": "RCA2_inverted",
  "dotPath": "/home/jeronimo/Documentos/GIT/PeR/benchmarks/qca/eval/RCA2_inverted.dot",
  "placer": "SA",
  "wires": 44,
  "nNodes": 30,
  "tries": 91,
  "swaps": 46,
  "wrongEdges": 36,
  "area": 99,
  "usedAreaPercentage": 0.474747,
  "extraLayers": 1,
  "extraLayersLevels": [2],
  "placement": [-1, -1, -1, 44, 43, 42, 18, 41, 67, -1, -1, -1, -1, 8, 1, -1, -1, -1, 39, 38, 66, -1, -1, -1, 32, -1, -1, -1, -1, 50, 9, 40, -1, -1, -1, 33, 29, -1, -1, -1, 71, 17, -1, -1, -1, -1, -1, -1, -1, -1, -1, 51, 70, -1, -1, -1, -1, -1, -1, -1, -1, -1, 52, 6, -1, -1, -1, -1, -1, -1, 26, 55, 54, 53, 7, 15, 69, -1, -1, -1, -1, 31, 30, -1, -1, 16, 14, 49, -1, -1, -1, -1, -1, 25, 57, 20, 65, 64, 34, -1, -1, -1, -1, -1, 58, -1, 56, -1, -1, -1, -1, -1, -1, -1, 2, 3, 12, 13, -1, -1, -1],
  "n2c": [-1, 14, 114, 115, -1, -1, 63, 74, 13, 30, -1, -1, 116, 117, 86, 75, 85, 41, 6, -1, 95, -1, -1, -1, -1, 93, 70, -1, -1, 36, 82, 81, 24, 35, 98, -1, -1, -1, 19, 18, 31, 7, 5, 4, 3, -1, -1, -1, -1, 87, 29, 51, 62, 73, 72, 71, 106, 94, 104, -1, -1, -1, -1, -1, 97, 96, 20, 8, -1, 76, 52, 40, -1, -1]
}
