{
  "success": 0,
  "allPlaced": 0,
  "time": 0.394833,
  "dotName": "RCA2_inverted",
  "dotPath": "/home/jeronimo/Documentos/GIT/PeR/benchmarks/qca/eval/RCA2_inverted.dot",
  "placer": "SA",
  "wires": 69,
  "nNodes": 30,
  "tries": 90,
  "swaps": 46,
  "wrongEdges": 63,
  "area": 132,
  "usedAreaPercentage": 0.356061,
  "extraLayers": 4,
  "extraLayersLevels": [2, 3, 0, 3],
  "placement": [-1, -1, -1, -1, -1, -1, -1, 5, 63, 62, 61, -1, -1, -1, -1, -1, -1, -1, -1, 4, 50, 96, 60, -1, -1, -1, -1, -1, -1, -1, -1, 51, 79, 71, 59, -1, -1, -1, -1, -1, -1, -1, -1, 52, -1, -1, 35, 27, -1, -1, -1, -1, -1, -1, -1, 53, -1, -1, 81, -1, -1, -1, -1, -1, -1, -1, -1, 54, -1, -1, 73, -1, -1, -1, -1, -1, -1, -1, 26, 55, -1, -1, 98, -1, -1, -1, -1, 22, 84, 21, 31, -1, -1, -1, 37, 97, -1, -1, -1, 86, -1, 45, 24, 10, 34, 36, 80, 72, -1, -1, 85, 11, -1, 93, 48, -1, -1, 28, -1, -1, -1, 83, 23, -1, -1, 68, 47, -1, -1, -1, -1, -1, -1, -1, -1, -1, -1, 76, 46, -1, -1, -1, -1, -1],
  "n2c": [-1, -1, -1, -1, 19, 7, -1, -1, -1, -1, 103, 111, -1, -1, -1, -1, -1, -1, -1, -1, -1, 89, 87, 122, 102, -1, 78, 47, 117, -1, -1, 90, -1, -1, 104, 46, 105, 94, -1, -1, -1, -1, -1, -1, -1, 101, 138, 126, 114, -1, 20, 31, 43, 55, 67, 79, -1, -1, -1, 34, 22, 10, 9, 8, -1, -1, -1, -1, 125, -1, -1, 33, 107, 70, -1, -1, 137, -1, -1, 32, 106, 58, -1, 121, 88, 110, 99, -1, -1, -1, -1, -1, -1, 113, -1, -1, 21, 95, 82]
}
