{
  "success": 0,
  "time": 0.486516,
  "dotName": "RCA2_inverted",
  "dotPath": "/home/jeronimo/Documentos/GIT/PeR/benchmarks/qca/eval/RCA2_inverted.dot",
  "placer": "SA",
  "wires": 66,
  "nNodes": 30,
  "tries": 118,
  "swaps": 59,
  "wrongEdges": 46,
  "area": 144,
  "usedAreaPercentage": 0.416667,
  "extraLayers": 4,
  "extraLayersLevels": [2, 4, 1, 2],
  "placement": [5, 63, 62, 61, 60, 59, 80, 35, 73, 37, 91, -1, 26, 39, 84, 90, 38, 66, 40, 74, -1, 72, 85, -1, 55, 88, -1, -1, -1, -1, -1, 9, 75, 17, 11, 22, 54, 94, -1, -1, -1, -1, -1, -1, 43, 77, 23, 21, 53, 50, -1, -1, -1, -1, -1, -1, 42, 18, 76, 86, 52, 71, -1, -1, -1, -1, -1, -1, -1, 67, 41, 92, 79, 51, -1, -1, -1, -1, -1, -1, -1, -1, -1, 45, -1, -1, -1, -1, -1, -1, -1, -1, -1, -1, -1, 68, -1, -1, -1, -1, -1, -1, -1, -1, -1, -1, -1, 46, -1, -1, -1, -1, -1, -1, -1, -1, 34, 10, 24, 78, -1, -1, -1, -1, -1, -1, -1, -1, 81, -1, 48, 47, -1, -1, -1, -1, -1, -1, -1, -1, 36, 83, 28, -1],
  "n2c": [-1, -1, -1, -1, -1, 0, -1, -1, -1, 31, 117, 34, -1, -1, -1, -1, -1, 33, 57, -1, -1, 47, 35, 46, 118, -1, 12, -1, 142, -1, -1, -1, -1, -1, 116, 7, 140, 9, 16, 13, 18, 70, 56, 44, -1, 83, 107, 131, 130, -1, 49, 73, 60, 48, 36, 24, -1, -1, -1, 5, 4, 3, 2, 1, -1, -1, 17, 69, 95, -1, -1, 61, 21, 8, 19, 32, 58, 45, 119, 72, 6, 128, -1, 141, 14, 22, 59, -1, 25, -1, 15, 10, 71, -1, 37, -1]
}
