{
  "success": 0,
  "allPlaced": 0,
  "time": 0.376998,
  "dotName": "RCA2_inverted",
  "dotPath": "/home/jeronimo/Documentos/GIT/PeR/benchmarks/qca/eval/RCA2_inverted.dot",
  "placer": "SA",
  "wires": 36,
  "nNodes": 30,
  "tries": 93,
  "swaps": 47,
  "wrongEdges": 28,
  "area": 110,
  "usedAreaPercentage": 0.436364,
  "extraLayers": 0,
  "extraLayersLevels": [],
  "placement": [-1, -1, -1, -1, -1, -1, -1, -1, -1, -1, -1, 37, 35, 27, -1, -1, -1, -1, -1, -1, -1, -1, 11, 22, -1, -1, -1, -1, -1, -1, 25, 57, -1, 23, 21, 45, 46, 47, 48, 24, 31, 30, -1, -1, -1, -1, -1, 2, 3, 58, -1, 26, 55, 54, 53, -1, -1, 56, 13, 12, -1, -1, -1, -1, -1, 52, -1, -1, 20, 32, -1, -1, -1, -1, -1, -1, 51, -1, -1, 65, 8, 1, -1, -1, 17, 9, -1, 50, -1, -1, 64, -1, 44, 43, 42, 18, 40, 38, 39, -1, 36, 34, -1, -1, -1, -1, -1, -1, 41, -1, -1, 28, -1, -1, -1, -1, -1, -1, -1, -1, -1],
  "n2c": [-1, 81, 47, 48, -1, -1, -1, -1, 80, 85, -1, 22, 59, 58, -1, -1, -1, 84, 95, -1, 68, 34, 23, 33, 39, 30, 51, 13, 111, -1, 41, 40, 69, -1, 101, 12, 100, 11, 97, 98, 96, 108, 94, 93, 92, 35, 36, 37, 38, -1, 87, 76, 65, 54, 53, 52, 57, 31, 49, -1, -1, -1, -1, -1, 90, 79]
}
