{
  "success": 0,
  "time": 0.312791,
  "dotName": "RCA2_inverted",
  "dotPath": "/home/jeronimo/Documentos/GIT/PeR/benchmarks/qca/eval/RCA2_inverted.dot",
  "placer": "SA",
  "wires": 54,
  "nNodes": 30,
  "tries": 103,
  "swaps": 52,
  "wrongEdges": 41,
  "area": 132,
  "usedAreaPercentage": 0.401515,
  "extraLayers": 2,
  "extraLayersLevels": [2, 4],
  "placement": [-1, -1, -1, -1, -1, -1, -1, 78, 46, 68, 45, -1, -1, -1, -1, -1, -1, -1, -1, 47, 73, 23, 21, -1, -1, -1, -1, -1, -1, -1, -1, 48, 37, 11, 22, -1, 55, 26, 5, -1, -1, 34, 10, 24, -1, -1, -1, -1, 54, -1, 63, 62, 61, 64, -1, -1, -1, -1, -1, -1, 53, -1, -1, -1, 60, 65, 20, -1, -1, -1, -1, -1, 52, -1, -1, -1, 59, -1, 32, -1, -1, -1, -1, -1, 79, -1, -1, -1, 80, -1, 33, 29, -1, -1, -1, -1, 51, -1, -1, 82, 35, -1, 9, 74, 40, -1, -1, -1, 71, -1, -1, 27, -1, -1, 75, -1, 66, -1, -1, -1, 50, -1, -1, -1, -1, 77, 17, -1, -1, -1, -1, -1, 39, 38, 67, 41, 76, 18, -1, -1, -1, -1, -1, -1],
  "n2c": [-1, -1, -1, -1, -1, 38, -1, -1, -1, 102, 42, 33, -1, -1, -1, -1, -1, 126, 137, -1, 66, 22, 34, 21, 43, -1, 37, 111, -1, 91, -1, -1, 78, 90, 41, 100, -1, 32, 133, 132, 104, 135, -1, -1, -1, 10, 8, 19, 31, -1, 120, 96, 72, 60, 48, 36, -1, -1, -1, 76, 64, 52, 51, 50, 53, 65, 116, 134, 9, -1, -1, 108, -1, 20, 103, 114, 136, 125, 7, 84, 88, -1, 99, -1]
}
