{
  "success": 0,
  "time": 0.214871,
  "dotName": "t_inverted",
  "dotPath": "/home/jeronimo/Documentos/GIT/PeR/benchmarks/qca/eval/t_inverted.dot",
  "placer": "SA",
  "wires": 9,
  "nNodes": 17,
  "tries": 44,
  "swaps": 24,
  "wrongEdges": 2,
  "area": 56,
  "usedAreaPercentage": 0.446429,
  "extraLayers": 2,
  "extraLayersLevels": [5, 3],
  "placement": [-1, -1, -1, 7, -1, -1, -1, -1, 2, -1, -1, 6, -1, -1, -1, -1, 3, 24, 10, 11, 4, -1, -1, -1, 25, -1, -1, -1, 5, 17, -1, -1, 21, -1, -1, -1, -1, 18, -1, -1, 8, -1, -1, -1, -1, 14, -1, -1, 9, 12, -1, -1, -1, 22, -1, -1, 13, 15, 19, 20, 23, 1, 0, -1],
  "n2c": [62, 61, 8, 16, 20, 28, 11, 3, 40, 48, 18, 19, 49, 56, 45, 57, -1, 29, 37, 58, 59, 32, 53, 60, 17, 24]
}
