{
  "success": 0,
  "time": 0.183257,
  "dotName": "t_inverted",
  "dotPath": "/home/jeronimo/Documentos/GIT/PeR/benchmarks/qca/eval/t_inverted.dot",
  "placer": "SA",
  "wires": 14,
  "nNodes": 17,
  "tries": 55,
  "swaps": 29,
  "wrongEdges": 2,
  "area": 56,
  "usedAreaPercentage": 0.535714,
  "extraLayers": 3,
  "extraLayersLevels": [5, 3, 1],
  "placement": [-1, 30, 4, 5, -1, -1, -1, -1, 29, 11, -1, 17, -1, -1, -1, -1, 6, 10, 2, 27, -1, -1, -1, -1, 7, 24, 3, 18, -1, -1, -1, -1, -1, -1, 25, 14, 8, 26, 9, 12, -1, -1, 21, 22, -1, -1, 13, 15, -1, -1, 0, 1, 23, 20, 19, 28, -1, -1, -1, -1, -1, -1, -1, -1],
  "n2c": [50, 51, 18, 26, 2, 3, 16, 24, 36, 38, 17, 9, 39, 46, 35, 47, -1, 11, 27, 54, 53, 42, 43, 52, 25, 34, 37, 19, 55, 8, 1]
}
