{
  "success": 0,
  "allPlaced": 0,
  "time": 0.239883,
  "dotName": "t_inverted",
  "dotPath": "/home/jeronimo/Documentos/GIT/PeR/benchmarks/qca/eval/t_inverted.dot",
  "placer": "SA",
  "wires": 15,
  "nNodes": 17,
  "tries": 56,
  "swaps": 30,
  "wrongEdges": 2,
  "area": 64,
  "usedAreaPercentage": 0.484375,
  "extraLayers": 2,
  "extraLayersLevels": [1, 2],
  "placement": [-1, -1, -1, 7, -1, 24, 15, 12, -1, -1, -1, 6, -1, 29, 16, 9, -1, -1, -1, 25, -1, 19, -1, 22, -1, -1, -1, 30, -1, 20, -1, 27, 2, 3, 10, 11, 31, 1, 14, 8, -1, -1, -1, -1, 26, 0, 18, 21, -1, -1, -1, -1, 4, -1, 28, -1, -1, -1, -1, -1, 5, 17, 23, -1],
  "n2c": [45, 37, 32, 33, 52, 60, 11, 3, 39, 15, 34, 35, 7, -1, 38, 6, 14, 61, 46, 21, 29, 47, 23, 62, 5, 19, 44, 31, 54, 13, 27, 36]
}
