{
  "success": 0,
  "allPlaced": 0,
  "time": 0.234751,
  "dotName": "t_inverted",
  "dotPath": "/home/jeronimo/Documentos/GIT/PeR/benchmarks/qca/eval/t_inverted.dot",
  "placer": "SA",
  "wires": 10,
  "nNodes": 17,
  "tries": 45,
  "swaps": 24,
  "wrongEdges": 3,
  "area": 48,
  "usedAreaPercentage": 0.520833,
  "extraLayers": 1,
  "extraLayersLevels": [1],
  "placement": [-1, -1, -1, -1, -1, -1, -1, -1, -1, -1, -1, -1, 18, 14, 1, 0, -1, -1, -1, -1, 23, -1, 20, -1, 6, 25, -1, 5, 17, -1, 19, -1, 7, 11, 26, 4, -1, -1, 24, -1, -1, 10, -1, -1, -1, 12, 15, -1, -1, 3, 21, 8, 22, 9, 16, -1, -1, -1, -1, -1, -1, -1, -1, -1],
  "n2c": [15, 14, -1, 49, 35, 27, 24, 32, 51, 53, 41, 33, 45, -1, 13, 46, 54, 28, 12, 30, 22, 50, 52, 20, 38, 25, 34]
}
