{
  "success": 0,
  "time": 0.266571,
  "dotName": "t_inverted",
  "dotPath": "/home/jeronimo/Documentos/GIT/PeR/benchmarks/qca/eval/t_inverted.dot",
  "placer": "SA",
  "wires": 14,
  "nNodes": 17,
  "tries": 54,
  "swaps": 29,
  "wrongEdges": 3,
  "area": 56,
  "usedAreaPercentage": 0.535714,
  "extraLayers": 4,
  "extraLayersLevels": [5, 3, 1, 7],
  "placement": [-1, -1, -1, 29, 6, 7, -1, -1, -1, -1, 30, 11, 10, 24, -1, -1, -1, -1, 4, 5, -1, 3, 25, -1, 1, 0, -1, 17, -1, 2, 21, -1, 23, -1, -1, 27, 22, -1, -1, -1, 20, -1, -1, 18, 14, -1, -1, -1, 19, 28, 15, 12, 8, -1, -1, -1, -1, -1, 13, 9, 26, -1, -1, -1],
  "n2c": [25, 24, 29, 21, 18, 19, 4, 5, 52, 59, 12, 11, 51, 58, 44, 50, -1, 27, 43, 48, 40, 30, 36, 32, 13, 22, 60, 35, 49, 3, 10]
}
