{
  "success": 0,
  "allPlaced": 0,
  "time": 0.224411,
  "dotName": "t_inverted",
  "dotPath": "/home/jeronimo/Documentos/GIT/PeR/benchmarks/qca/eval/t_inverted.dot",
  "placer": "SA",
  "wires": 22,
  "nNodes": 17,
  "tries": 66,
  "swaps": 36,
  "wrongEdges": 4,
  "area": 81,
  "usedAreaPercentage": 0.45679,
  "extraLayers": 4,
  "extraLayersLevels": [1, 2, 4, 7],
  "placement": [-1, 1, 20, 35, 19, 29, 24, -1, -1, -1, 38, 36, 21, -1, 12, 15, -1, -1, -1, 34, 8, 27, 22, 9, 16, -1, -1, 33, 14, -1, -1, -1, -1, -1, -1, -1, 18, -1, -1, -1, -1, 30, 25, 6, 7, 28, 5, 4, 26, 31, 11, -1, -1, -1, 23, 17, -1, -1, -1, 32, -1, -1, -1, -1, -1, -1, -1, -1, 10, 3, 37, -1, -1, -1, -1, -1, -1, -1, -1, 2, -1],
  "n2c": [-1, 1, 79, 69, 47, 46, 43, 44, 20, 23, 68, 50, 14, -1, 28, 15, 24, 55, 36, 4, 2, 12, 22, 54, 6, 42, 48, 21, 45, 5, 41, 49, 59, 27, 19, 3, 11, 70, 10]
}
