{
  "success": 0,
  "time": 0.106832,
  "dotName": "t_inverted",
  "dotPath": "/home/jeronimo/Documentos/GIT/PeR/benchmarks/qca/eval/t_inverted.dot",
  "placer": "SA",
  "wires": 5,
  "nNodes": 17,
  "tries": 36,
  "swaps": 19,
  "wrongEdges": 2,
  "area": 35,
  "usedAreaPercentage": 0.571429,
  "extraLayers": 0,
  "extraLayersLevels": [],
  "placement": [-1, -1, -1, -1, -1, -1, -1, -1, -1, -1, -1, -1, -1, -1, -1, -1, -1, -1, 1, 20, 19, -1, 5, 17, 18, 14, 12, 15, -1, 4, -1, 21, 8, 9, 16, 6, 11, 10, 3, -1, -1, -1, 7, -1, -1, 2, -1, -1, -1],
  "n2c": [-1, 18, 45, 38, 29, 22, 35, 42, 32, 33, 37, 36, 26, -1, 25, 27, 34, 23, 24, 20, 19, 31]
}
