{
  "success": 0,
  "allPlaced": 0,
  "time": 0.501224,
  "dotName": "xor5_r1_inverted",
  "dotPath": "/home/jeronimo/Documentos/GIT/PeR/benchmarks/qca/eval/xor5_r1_inverted.dot",
  "placer": "SA",
  "wires": 44,
  "nNodes": 32,
  "tries": 110,
  "swaps": 56,
  "wrongEdges": 27,
  "area": 110,
  "usedAreaPercentage": 0.518182,
  "extraLayers": 4,
  "extraLayersLevels": [4, 3, 6, 11],
  "placement": [-1, -1, -1, -1, -1, 66, 54, 27, -1, -1, -1, -1, -1, -1, -1, -1, 26, 28, 55, 67, 39, -1, -1, -1, -1, -1, -1, 34, 72, -1, -1, 40, -1, -1, -1, -1, -1, -1, 35, 29, 75, -1, 41, -1, -1, -1, 15, 37, 73, 36, 32, 30, 74, 42, -1, -1, 11, 10, 31, -1, -1, 24, -1, -1, -1, -1, -1, 53, 0, 1, -1, -1, 25, 71, 59, -1, -1, -1, 17, 69, 18, -1, -1, -1, -1, 51, -1, -1, -1, 16, 57, 23, 48, 68, 56, -1, 65, 50, 49, -1, 61, 19, 58, 70, -1, 47, -1, -1, -1, 20, -1, -1, -1, -1, -1, -1, 64, 46, 45, 44, 21],
  "n2c": [68, 69, -1, -1, -1, -1, -1, -1, -1, -1, 57, 56, -1, -1, -1, 46, 89, 78, 80, 101, 109, 120, -1, 91, 61, 72, 16, 7, 17, 39, 51, 58, 50, -1, 27, 38, 49, 47, -1, 20, 31, 42, 53, -1, 119, 118, 117, 105, 92, 98, 97, 85, -1, 67, 6, 18, 94, 90, 102, 74, -1, 100, -1, -1, 116, 96, 5, 19, 93, 79, 103, 73, 28, 48, 52, 40]
}
