{
  "success": 0,
  "time": 0.416125,
  "dotName": "xor5R_inverted",
  "dotPath": "/home/jeronimo/Documentos/GIT/PeR/benchmarks/qca/eval/xor5R_inverted.dot",
  "placer": "SA",
  "wires": 57,
  "nNodes": 38,
  "tries": 114,
  "swaps": 58,
  "wrongEdges": 47,
  "area": 99,
  "usedAreaPercentage": 0.59596,
  "extraLayers": 4,
  "extraLayersLevels": [10, 10, 0, 9],
  "placement": [-1, -1, -1, -1, -1, -1, -1, -1, -1, -1, -1, -1, -1, -1, -1, -1, -1, -1, -1, -1, -1, -1, -1, -1, -1, -1, -1, -1, -1, -1, -1, -1, -1, -1, -1, -1, 81, 77, -1, -1, 79, 75, 32, 36, 1, 0, -1, -1, 64, 37, 78, 82, 33, 4, 93, 5, 14, -1, -1, -1, 63, 74, -1, -1, -1, -1, -1, -1, 15, -1, -1, -1, 92, -1, -1, -1, -1, -1, 24, -1, 16, 17, 50, -1, 62, -1, -1, -1, 84, 28, 25, 31, 83, 30, 49, -1, 61, 27, 52, 87, 29, -1, 51, 86, 20, 38, 39, -1, 60, 26, -1, -1, -1, -1, 80, 76, 40, 9, -1, -1, 34, 35, -1, -1, -1, -1, 58, 59, -1, -1, -1, -1, -1, 53, 54, 55, 56, 91, 57, -1, -1, -1, -1, -1],
  "n2c": [45, 44, -1, -1, 53, 55, -1, -1, -1, 117, -1, -1, -1, -1, 56, 68, 80, 81, -1, -1, 104, -1, -1, -1, 78, 90, 109, 97, 89, 100, 93, 91, 42, 52, 120, 121, 43, 49, 105, 106, 116, -1, -1, -1, -1, -1, -1, -1, -1, 94, 82, 102, 98, 133, 134, 135, 136, 138, 126, 127, 108, 96, 84, 60, 48, -1, -1, -1, -1, -1, -1, -1, -1, -1, 61, 41, 115, 37, 50, 40, 114, 36, 51, 92, 88, -1, 103, 99, -1, -1, -1, 137, 72, 54, -1]
}
