{
  "success": 0,
  "allPlaced": 0,
  "time": 0.395486,
  "dotName": "xor5_r1_inverted",
  "dotPath": "/home/jeronimo/Documentos/GIT/PeR/benchmarks/qca/eval/xor5_r1_inverted.dot",
  "placer": "SA",
  "wires": 40,
  "nNodes": 32,
  "tries": 117,
  "swaps": 59,
  "wrongEdges": 19,
  "area": 121,
  "usedAreaPercentage": 0.495868,
  "extraLayers": 3,
  "extraLayersLevels": [4, 3, 6],
  "placement": [-1, -1, -1, 15, 52, 13, -1, -1, -1, -1, -1, 65, 51, 32, 14, 61, 12, -1, -1, -1, -1, -1, 50, 59, 24, 60, 16, 17, 53, -1, -1, -1, -1, 49, 71, 25, 19, 57, 69, 11, 10, -1, -1, -1, 20, 21, 70, 58, -1, 18, -1, -1, -1, -1, -1, -1, 44, -1, -1, 48, 23, -1, -1, -1, -1, -1, -1, 45, -1, -1, 68, 22, -1, -1, -1, -1, -1, -1, 46, 64, 47, 56, 29, 28, -1, -1, -1, -1, -1, -1, -1, -1, 43, 30, 42, 41, 40, 39, 67, -1, -1, 1, 0, -1, -1, -1, -1, -1, -1, 55, -1, -1, 31, 37, 36, 35, 34, 26, 66, 54, 27],
  "n2c": [102, 101, -1, -1, -1, -1, -1, -1, -1, -1, 40, 39, 16, 5, 14, 3, 26, 27, 49, 36, 44, 45, 71, 60, 24, 35, 117, 120, 83, 82, 93, 112, 13, -1, 116, 115, 114, 113, -1, 97, 96, 95, 94, 92, 56, 67, 78, 80, 59, 33, 22, 12, 4, 28, 119, 109, 81, 37, 47, 23, 25, 15, -1, -1, 79, 11, 118, 98, 70, 38, 46, 34]
}
