{
  "success": 0,
  "time": 0.531634,
  "dotName": "xor5R_inverted",
  "dotPath": "/home/jeronimo/Documentos/GIT/PeR/benchmarks/qca/eval/xor5R_inverted.dot",
  "placer": "SA",
  "wires": 37,
  "nNodes": 38,
  "tries": 127,
  "swaps": 64,
  "wrongEdges": 20,
  "area": 99,
  "usedAreaPercentage": 0.656566,
  "extraLayers": 0,
  "extraLayersLevels": [],
  "placement": [-1, -1, -1, -1, -1, -1, -1, -1, -1, -1, -1, -1, -1, -1, -1, -1, -1, -1, -1, -1, -1, -1, -1, 18, 19, 22, 38, -1, 17, 20, -1, -1, -1, 16, 15, 66, 21, 39, 49, 50, 11, -1, -1, -1, -1, 14, 65, 41, 23, -1, -1, 10, -1, -1, 0, 47, 5, 4, 40, 9, 8, 48, 7, -1, -1, 1, 46, 45, 44, -1, -1, -1, 74, 6, -1, -1, 36, 71, 72, 43, -1, 63, 64, 37, 3, -1, -1, 59, 70, 73, 42, -1, 62, 32, 33, 2, -1, -1, 58, 69, 13, 12, -1, 61, 35, 53, 54, 55, 56, 57, 68, 67, -1, -1, 60, 34, -1, -1, -1, -1, -1],
  "n2c": [54, 65, 95, 84, 57, 56, 73, 62, 60, 59, 51, 40, 101, 100, 45, 34, 33, 28, 23, 24, 29, 36, 25, 48, -1, -1, -1, -1, -1, -1, -1, -1, 93, 94, 115, 104, 76, 83, 26, 37, 58, 47, 90, 79, 68, 67, 66, 55, 61, 38, 39, -1, -1, 105, 106, 107, 108, 109, 98, 87, 114, 103, 92, 81, 82, 46, 35, 111, 110, 99, 88, 77, 78, 89, 72]
}
