{
  "success": 0,
  "time": 0.51809,
  "dotName": "xor5R_inverted",
  "dotPath": "/home/jeronimo/Documentos/GIT/PeR/benchmarks/qca/eval/xor5R_inverted.dot",
  "placer": "SA",
  "wires": 53,
  "nNodes": 38,
  "tries": 126,
  "swaps": 64,
  "wrongEdges": 37,
  "area": 120,
  "usedAreaPercentage": 0.541667,
  "extraLayers": 3,
  "extraLayersLevels": [10, 10, 0],
  "placement": [-1, -1, -1, -1, 19, 22, 38, -1, 17, 20, -1, -1, -1, -1, -1, -1, 66, 88, 39, 49, 50, 11, -1, -1, -1, -1, -1, -1, 65, 41, 77, 1, 74, 10, -1, -1, 30, -1, -1, -1, -1, 40, 81, 0, 37, 7, -1, -1, 83, 31, -1, -1, -1, 9, 64, -1, 78, 6, -1, -1, 24, 86, -1, -1, -1, 8, 63, -1, 82, 3, -1, -1, 25, 51, -1, -1, -1, 48, 62, 79, 33, 2, -1, -1, 28, -1, 26, 35, 34, 60, 61, 75, -1, -1, -1, -1, 84, -1, 27, 53, -1, -1, -1, 32, -1, -1, -1, -1, 29, 87, 52, 54, 80, 76, 59, 36, -1, -1, -1, -1, -1, -1, -1, 55, 58, -1, -1, -1, -1, -1, -1, -1, -1, -1, -1, 56, 57, -1, -1, -1, -1, -1, -1, -1],
  "n2c": [43, 31, 81, 69, -1, -1, 57, 45, 65, 53, 33, 21, -1, -1, -1, -1, -1, 8, -1, 4, 9, -1, 5, -1, 60, 72, 86, 98, 84, 108, 36, 49, 103, 80, 88, 87, 115, 44, 6, 18, 41, 29, -1, -1, -1, -1, -1, -1, 77, 19, 20, 73, 110, 99, 111, 123, 135, 136, 124, 114, 89, 90, 78, 66, 54, 28, 16, -1, -1, -1, -1, -1, -1, -1, 32, 91, 113, 30, 56, 79, 112, 42, 68, 48, 96, -1, 61, 109, 17, -1, -1]
}
