{
  "success": 0,
  "time": 0.451689,
  "dotName": "xor5_r1_inverted",
  "dotPath": "/home/jeronimo/Documentos/GIT/PeR/benchmarks/qca/eval/xor5_r1_inverted.dot",
  "placer": "SA",
  "wires": 46,
  "nNodes": 32,
  "tries": 106,
  "swaps": 53,
  "wrongEdges": 32,
  "area": 110,
  "usedAreaPercentage": 0.490909,
  "extraLayers": 3,
  "extraLayersLevels": [6, 0, 0],
  "placement": [-1, -1, -1, -1, -1, -1, -1, -1, -1, -1, -1, 74, 64, -1, -1, -1, -1, -1, -1, -1, -1, -1, 15, 10, -1, -1, -1, -1, -1, -1, -1, -1, -1, 52, 13, 75, 65, 12, 17, -1, -1, -1, -1, -1, 66, 76, -1, -1, 32, 16, -1, 0, 1, 31, 37, 46, 47, 48, -1, 54, 19, 18, 23, 57, 22, 36, 45, -1, -1, -1, 24, 25, 51, -1, 30, 29, 35, 44, -1, 72, 62, 20, 49, 50, -1, 42, 28, 55, 63, 73, 21, -1, -1, -1, -1, -1, 41, -1, 34, -1, -1, -1, -1, -1, -1, -1, -1, 56, -1, 26, -1, -1, -1, -1, -1, -1, -1, -1, 40, 39, 27],
  "n2c": [51, 52, -1, -1, -1, -1, -1, -1, -1, -1, 23, -1, 37, 34, -1, 22, 49, 38, 61, 60, 81, 90, 64, 62, 70, 71, 109, 120, 86, 75, 74, 53, 48, -1, 98, 76, 65, 54, -1, 119, 118, 96, 85, -1, 77, 66, 55, 56, 57, 82, 83, 72, 33, -1, 59, 87, 107, 63, -1, -1, -1, -1, 80, 88, 12, 36, 44, -1, -1, -1, -1, -1, 79, 89, 11, 35, 45, -1]
}
