{
  "success": 0,
  "allPlaced": 0,
  "time": 0.326532,
  "dotName": "xor5R_inverted",
  "dotPath": "/home/jeronimo/Documentos/GIT/PeR/benchmarks/qca/eval/xor5R_inverted.dot",
  "placer": "SA",
  "wires": 58,
  "nNodes": 38,
  "tries": 114,
  "swaps": 58,
  "wrongEdges": 48,
  "area": 132,
  "usedAreaPercentage": 0.44697,
  "extraLayers": 4,
  "extraLayersLevels": [12, 0, 12, 1],
  "placement": [12, -1, -1, -1, -1, -1, -1, -1, -1, -1, -1, -1, 94, -1, -1, -1, 91, 51, 25, 24, -1, -1, -1, -1, 83, -1, -1, -1, 80, -1, 28, 62, 61, 60, 34, -1, 13, 84, -1, -1, 31, 77, 89, 63, 27, 26, 35, 53, -1, 95, -1, -1, 30, 88, 78, 64, 52, -1, -1, 54, -1, 67, 68, 69, 0, -1, 29, 81, 92, -1, -1, 55, -1, -1, -1, 70, 1, -1, -1, -1, -1, -1, -1, 56, -1, -1, -1, 71, 76, -1, -1, -1, -1, -1, -1, 57, -1, -1, -1, 72, 74, 87, 37, -1, -1, 86, 59, 58, -1, -1, -1, 73, 3, 2, 33, 32, 85, 36, -1, -1, -1, -1, -1, -1, -1, -1, -1, -1, -1, 75, -1, -1, -1, -1, -1, -1, -1, -1, -1, -1, -1, -1, -1, -1],
  "n2c": [64, 76, 113, 112, -1, -1, -1, -1, -1, -1, -1, -1, 0, 36, -1, -1, -1, -1, -1, -1, -1, -1, -1, -1, 19, 18, 45, 44, 30, 66, 52, 40, 115, 114, 34, 46, 117, 102, -1, -1, -1, -1, -1, -1, -1, -1, -1, -1, -1, -1, -1, 17, 56, 47, 59, 71, 83, 95, 107, 106, 33, 32, 31, 43, 55, -1, -1, 61, 62, 63, 75, 87, 99, 111, 100, 129, 88, 41, 54, -1, 28, 67, -1, 24, 37, 116, 105, 101, 53, 42, -1, 16, 68, -1, 12, 49]
}
