{
  "success": 0,
  "time": 0.490447,
  "dotName": "xor5_r1_inverted",
  "dotPath": "/home/jeronimo/Documentos/GIT/PeR/benchmarks/qca/eval/xor5_r1_inverted.dot",
  "placer": "SA",
  "wires": 47,
  "nNodes": 32,
  "tries": 127,
  "swaps": 65,
  "wrongEdges": 21,
  "area": 121,
  "usedAreaPercentage": 0.545455,
  "extraLayers": 4,
  "extraLayersLevels": [6, 0, 0, 14],
  "placement": [-1, -1, -1, -1, -1, -1, -1, 66, 76, -1, -1, -1, -1, -1, -1, -1, -1, -1, 52, 13, 75, -1, -1, -1, -1, 0, 78, -1, -1, -1, -1, 65, 16, -1, -1, 37, 31, 1, -1, -1, -1, -1, 12, 17, -1, -1, 36, 63, 73, -1, -1, 64, 74, 11, 53, 34, 55, 35, 44, 21, 72, 32, 10, -1, 77, 67, 26, -1, -1, 45, -1, 62, 54, 15, -1, -1, -1, 27, 39, -1, 46, -1, 20, 24, 14, -1, -1, -1, 6, 40, 48, 47, 43, 49, 25, 19, -1, -1, -1, 7, 56, 41, 42, 30, 50, 51, 18, -1, -1, -1, 2, 59, 69, 28, 29, 22, 57, 23, -1, -1, -1],
  "n2c": [25, 37, 110, -1, -1, -1, 88, 99, -1, -1, 62, 53, 42, 19, 84, 73, 32, 43, 106, 95, 82, 59, 115, 117, 83, 94, 66, 77, 113, 114, 103, 36, 61, -1, 55, 57, 46, 35, -1, 78, 89, 101, 102, 92, 58, 69, 80, 91, 90, 93, 104, 105, 18, 54, 72, 56, 100, 116, -1, 111, -1, -1, 71, 47, 51, 31, 7, 65, -1, 112, -1, -1, 60, 48, 52, 20, 8, 64, 26]
}
