{
  "success": 0,
  "time": 0.475518,
  "dotName": "xor5_r1_inverted",
  "dotPath": "/home/jeronimo/Documentos/GIT/PeR/benchmarks/qca/eval/xor5_r1_inverted.dot",
  "placer": "SA",
  "wires": 22,
  "nNodes": 32,
  "tries": 91,
  "swaps": 47,
  "wrongEdges": 12,
  "area": 90,
  "usedAreaPercentage": 0.533333,
  "extraLayers": 0,
  "extraLayersLevels": [],
  "placement": [-1, -1, -1, -1, -1, -1, -1, 49, 20, 21, -1, -1, -1, -1, -1, -1, -1, 50, -1, 44, -1, -1, 10, 11, -1, -1, 18, 51, -1, 45, -1, -1, -1, 53, 17, 16, 19, 25, -1, 46, -1, 0, 1, -1, 12, -1, 14, 24, -1, 47, -1, -1, 31, -1, 13, 52, 15, 32, -1, 48, -1, -1, 37, 3, -1, 43, 30, 29, 22, 23, -1, -1, 36, 33, 9, 8, 42, 28, -1, -1, -1, -1, 35, 34, 26, 27, 41, -1, -1, -1, -1, -1, -1, -1, -1, 39, 40, -1, -1, -1],
  "n2c": [41, 42, -1, 63, -1, -1, -1, -1, 75, 74, 22, 23, 44, 54, 46, 56, 35, 34, 26, 36, 8, 9, 68, 69, 47, 37, 84, 85, 77, 67, 66, 52, 57, 73, 83, 82, 72, 62, -1, 95, 96, 86, 76, 65, 19, 29, 39, 49, 59, 7, 17, 27, 55, 33]
}
