{
  "success": 0,
  "allPlaced": 0,
  "time": 0.380363,
  "dotName": "xor5R_inverted",
  "dotPath": "/home/jeronimo/Documentos/GIT/PeR/benchmarks/qca/eval/xor5R_inverted.dot",
  "placer": "SA",
  "wires": 47,
  "nNodes": 38,
  "tries": 131,
  "swaps": 66,
  "wrongEdges": 28,
  "area": 132,
  "usedAreaPercentage": 0.507576,
  "extraLayers": 2,
  "extraLayersLevels": [12, 0],
  "placement": [-1, -1, -1, -1, -1, -1, -1, -1, -1, 28, 78, 29, -1, -1, -1, -1, -1, -1, -1, -1, -1, -1, 26, 81, -1, -1, -1, -1, -1, -1, -1, 76, 74, -1, 27, 52, -1, -1, -1, -1, 73, 3, 2, 33, 37, -1, 30, -1, -1, -1, -1, -1, 72, 75, 36, 32, 64, -1, 77, 31, -1, -1, -1, -1, 71, 1, 59, -1, 63, -1, -1, 80, -1, -1, -1, -1, 70, 0, 58, -1, 62, 61, 60, 51, -1, -1, 67, 68, 69, -1, 57, -1, -1, -1, 34, 25, -1, -1, 84, -1, -1, -1, 56, 55, 54, 53, 35, 24, -1, 38, 13, 83, 12, 42, 43, 44, 45, 46, -1, -1, -1, 9, 40, 41, -1, -1, -1, -1, 5, 47, -1, -1, -1, -1, -1, 65, 66, 19, 18, 15, 14, -1, -1, -1],
  "n2c": [77, 65, 42, 41, -1, 128, -1, -1, -1, 121, -1, -1, 112, 110, 140, 139, -1, -1, 138, 137, -1, -1, -1, -1, 107, 95, 22, 34, 9, 11, 46, 59, 55, 43, 94, 106, 54, 44, 109, -1, 122, 123, 113, 114, 115, 116, 117, 129, -1, -1, -1, 83, 35, 105, 104, 103, 102, 90, 78, 66, 82, 81, 80, 68, 56, 135, 136, 86, 87, 88, 76, 64, 52, 40, 32, 53, 31, 58, 10, -1, 71, 23, -1, 111, 98]
}
