{
  "success": 0,
  "time": 0.560301,
  "dotName": "xor5R_inverted",
  "dotPath": "/home/jeronimo/Documentos/GIT/PeR/benchmarks/qca/eval/xor5R_inverted.dot",
  "placer": "SA",
  "wires": 45,
  "nNodes": 38,
  "tries": 125,
  "swaps": 63,
  "wrongEdges": 29,
  "area": 132,
  "usedAreaPercentage": 0.484848,
  "extraLayers": 2,
  "extraLayersLevels": [10, 10],
  "placement": [-1, -1, -1, -1, -1, -1, -1, -1, -1, 50, 49, 39, -1, -1, -1, -1, -1, -1, -1, -1, 20, 17, -1, 38, -1, -1, -1, -1, -1, -1, 0, 9, 40, 10, 11, 22, -1, -1, -1, -1, 37, 74, 1, 8, 41, 65, 66, 19, -1, -1, -1, -1, 77, 6, 7, 48, 21, 14, 15, 18, -1, -1, 63, 64, 81, 3, -1, -1, 47, 5, 16, -1, -1, -1, 62, -1, -1, 2, -1, -1, 46, -1, -1, -1, -1, -1, 61, -1, -1, 33, 79, 75, 45, -1, -1, -1, -1, -1, 60, -1, 78, 82, 36, 32, 44, -1, -1, -1, -1, -1, 34, -1, -1, -1, 59, -1, 43, -1, -1, -1, -1, 53, 35, -1, -1, -1, 76, -1, 42, -1, -1, -1, -1, 54, 55, 56, 57, 58, 80, 13, 12, -1, -1, -1],
  "n2c": [30, 42, 77, 65, -1, 69, 53, 54, 43, 31, 33, 34, 140, 139, 57, 58, 70, 21, 59, 47, 20, 56, 35, -1, -1, -1, -1, -1, -1, -1, -1, -1, 103, 89, 110, 122, 102, 40, 23, 11, 32, 44, 128, 116, 104, 92, 80, 68, 55, 10, 9, -1, -1, 121, 133, 134, 135, 136, 137, 114, 98, 86, 74, 62, 63, 45, 46, -1, -1, -1, -1, -1, -1, -1, 41, 91, 126, 52, 100, 90, 138, 64, 101]
}
