{
  "success": 0,
  "time": 0.454093,
  "dotName": "xor5R_inverted",
  "dotPath": "/home/jeronimo/Documentos/GIT/PeR/benchmarks/qca/eval/xor5R_inverted.dot",
  "placer": "SA",
  "wires": 41,
  "nNodes": 38,
  "tries": 103,
  "swaps": 52,
  "wrongEdges": 36,
  "area": 110,
  "usedAreaPercentage": 0.481818,
  "extraLayers": 1,
  "extraLayersLevels": [10],
  "placement": [-1, -1, -1, -1, -1, 0, 1, 36, 32, -1, -1, -1, -1, -1, -1, -1, -1, 74, -1, 75, -1, -1, -1, -1, -1, -1, -1, -1, 37, 78, 33, 2, 3, -1, -1, 61, 62, 63, 64, 77, -1, 30, -1, 73, -1, -1, 60, -1, -1, 24, 25, 51, 31, -1, 72, -1, -1, 34, -1, -1, 29, 28, -1, -1, -1, 71, -1, 53, 35, 26, 27, 52, 59, 47, 46, -1, 70, -1, 54, 55, 56, 57, 58, 76, 5, 45, -1, 69, -1, -1, -1, -1, -1, -1, -1, -1, 44, -1, 68, -1, -1, -1, -1, -1, -1, -1, -1, 43, -1, 67, -1, -1, -1, -1, -1, -1, -1, -1, 42, 12, 13],
  "n2c": [5, 6, 31, 32, -1, 84, -1, -1, -1, -1, -1, -1, 119, 120, -1, -1, -1, -1, -1, -1, -1, -1, -1, -1, 49, 50, 69, 70, 61, 60, 41, 52, 8, 30, 57, 68, 7, 28, -1, -1, -1, -1, 118, 107, 96, 85, 74, 73, -1, -1, -1, 51, 71, 67, 78, 79, 80, 81, 82, 72, 46, 35, 36, 37, 38, -1, -1, 109, 98, 87, 76, 65, 54, 43, 17, 19, 83, 39, 29]
}
