{
  "success": 0,
  "allPlaced": 0,
  "time": 0.304594,
  "dotName": "xor5_r1_inverted",
  "dotPath": "/home/jeronimo/Documentos/GIT/PeR/benchmarks/qca/eval/xor5_r1_inverted.dot",
  "placer": "SA",
  "wires": 34,
  "nNodes": 32,
  "tries": 106,
  "swaps": 54,
  "wrongEdges": 19,
  "area": 90,
  "usedAreaPercentage": 0.611111,
  "extraLayers": 2,
  "extraLayersLevels": [4, 3],
  "placement": [-1, -1, -1, -1, -1, -1, -1, -1, -1, -1, -1, -1, -1, -1, -1, -1, 11, 10, -1, -1, -1, -1, -1, -1, -1, -1, -1, 53, -1, -1, -1, -1, -1, 1, 0, -1, 13, 12, 17, 16, 61, -1, -1, -1, 31, 37, 36, 52, -1, -1, 58, -1, -1, -1, -1, -1, -1, 35, 15, 14, 60, 19, 57, -1, -1, -1, -1, -1, 34, 26, 54, -1, -1, 18, -1, -1, -1, 32, 29, 28, 62, 27, 55, 48, 23, 22, -1, -1, 24, 30, 42, 41, 40, 39, 56, 47, 64, -1, -1, 25, 43, -1, -1, -1, -1, 44, 45, 46, -1, -1, 59, 51, 65, 50, 49, 20, 21, -1, -1, -1, -1],
  "n2c": [34, 33, -1, -1, -1, -1, -1, -1, -1, -1, 17, 16, 37, 36, 59, 58, 39, 38, 73, 61, 115, 116, 85, 84, 88, 99, 69, 81, 79, 78, 89, 44, 77, -1, 68, 57, 46, 45, -1, 93, 92, 91, 90, 100, 105, 106, 107, 95, 83, 114, 113, 111, 47, 27, 70, 82, 94, 62, 50, 110, 60, 40, 80, -1, 96, 112]
}
