{
  "success": 0,
  "allPlaced": 0,
  "time": 0.370972,
  "dotName": "xor5R_inverted",
  "dotPath": "/home/jeronimo/Documentos/GIT/PeR/benchmarks/qca/eval/xor5R_inverted.dot",
  "placer": "SA",
  "wires": 50,
  "nNodes": 38,
  "tries": 121,
  "swaps": 61,
  "wrongEdges": 37,
  "area": 132,
  "usedAreaPercentage": 0.469697,
  "extraLayers": 3,
  "extraLayersLevels": [12, 0, 12],
  "placement": [-1, -1, -1, -1, -1, -1, -1, -1, -1, -1, -1, -1, 24, 35, 53, 54, 55, 56, -1, -1, -1, -1, -1, -1, 25, 34, 86, 59, 58, 57, -1, -1, -1, -1, -1, -1, 51, 60, 61, 62, 63, 64, 37, 87, -1, -1, -1, -1, 80, -1, -1, -1, -1, 32, 33, 74, -1, -1, -1, -1, 31, 77, -1, -1, -1, 85, 2, 76, -1, -1, -1, -1, -1, 30, -1, 1, 75, 36, 3, -1, -1, -1, -1, -1, 52, 27, -1, 0, 10, 7, 6, -1, -1, -1, -1, -1, 81, 26, -1, -1, 11, 50, 49, 39, -1, -1, -1, 16, 29, 78, 28, -1, 20, 17, -1, 38, -1, -1, 18, 15, -1, -1, -1, -1, -1, -1, -1, 9, 40, 41, 19, 22, -1, -1, -1, -1, -1, -1, -1, -1, -1, 65, 66, -1],
  "n2c": [87, 75, 66, 78, -1, -1, 90, 89, -1, 127, 88, 100, -1, -1, -1, 119, 107, 113, 118, 130, 112, -1, 131, -1, 12, 24, 97, 85, 110, 108, 73, 60, 53, 54, 25, 13, 77, 42, 115, 103, 128, 129, -1, -1, -1, -1, -1, -1, -1, 102, 101, 36, 84, 14, 15, 16, 17, 29, 28, 27, 37, 38, 39, 40, 41, 141, 142, -1, -1, -1, -1, -1, -1, -1, 55, 76, 67, 61, 109, -1, 48, 96, -1, -1, -1, 65, 26, 43]
}
