dot_name,nodes,edges,g_input,g_output,io,utilization,in_degree_avg,out_degree_avg,is_DAG,average_shortest_path_length,dag_longest_path_length,degree_assortativity_coefficient
div_k6,10139,40840,6,423,256,97.45%,4.028010651938061,4.028010651938061,True,None,859,0.0061114390463140895
log2_k6,7970,36192,6,253,64,96.24%,4.5410288582183185,4.5410288582183185,True,None,72,-0.07559495713239035
max_k6,1405,3325,6,213,642,5.22%,2.3665480427046264,2.3665480427046264,True,None,43,0.035169997644434264
multiplier_k6,5043,22688,6,150,228,97.28%,4.498909379337696,4.498909379337696,True,None,38,-0.11023384902002811
sin_k6,1524,6781,6,164,49,90.66%,4.449475065616798,4.449475065616798,True,None,37,-0.2446733858673474
sqrt_k6,4976,21844,6,242,192,95.99%,4.389871382636656,4.389871382636656,True,None,1009,0.027061859254895116
square_k6,4123,16536,6,172,190,97.59%,4.010671840892554,4.010671840892554,True,None,51,-0.027021560343223894
voter_k6,2550,7648,6,6,1002,3.95%,2.9992156862745096,2.9992156862745096,True,None,14,-0.29643606803039274
