{
  "success": 0,
  "allPlaced": 0,
  "time": 0.290645,
  "dotName": "1bitAdderMaj_inverted",
  "dotPath": "/home/jeronimo/Documentos/GIT/PeR/benchmarks/qca/eval/1bitAdderMaj_inverted.dot",
  "placer": "SA",
  "wires": 66,
  "nNodes": 20,
  "tries": 50,
  "swaps": 39,
  "wrongEdges": 58,
  "area": 70,
  "usedAreaPercentage": 0.571429,
  "extraLayers": 3,
  "extraLayersLevels": [1, 2, 15],
  "placement": [-1, -1, -1, -1, -1, -1, -1, -1, -1, -1, -1, -1, -1, -1, -1, -1, -1, -1, -1, -1, -1, -1, -1, -1, -1, -1, -1, -1, -1, 79, 73, 25, -1, -1, -1, -1, -1, -1, -1, -1, -1, 24, 28, 77, 83, 71, 19, -1, -1, -1, -1, -1, -1, 14, 26, 48, 47, 4, 22, -1, -1, -1, -1, -1, -1, -1, -1, 49, -1, 67, 68, 69, -1, -1, -1, -1, -1, 52, 51, 50, -1, -1, 16, 70, -1, -1, -1, -1, -1, 53, 1, 0, -1, 21, 20, -1, -1, -1, -1, -1, -1, 54, 84, 57, 56, 55, -1, -1, -1, -1, -1, -1, -1, -1, 18, 58, -1, -1, -1, -1, -1, -1, -1, -1, -1, -1, 15, 59, -1, -1, -1, -1, -1, -1, -1, -1, -1, -1, 13, 17, -1, -1, -1, -1],
  "n2c": [91, 90, -1, -1, 57, -1, -1, -1, -1, -1, -1, -1, -1, 138, 53, 126, 82, 139, 114, 46, 94, 93, 58, -1, 41, 31, 54, -1, 42, -1, -1, -1, -1, -1, -1, -1, -1, -1, -1, -1, -1, -1, -1, -1, -1, -1, -1, 56, 55, 67, 79, 78, 77, 89, 101, 105, 104, 103, 115, 127, -1, -1, -1, -1, -1, -1, -1, 69, 70, 71, 83, 45, -1, 30, -1, -1, -1, 43, -1, 29, -1, -1, -1, 44, 102, -1]
}
