{
  "success": 0,
  "allPlaced": 1,
  "time": 0.157929,
  "dotName": "1bitAdderAOIG_inverted",
  "dotPath": "/home/jeronimo/Documentos/GIT/PeR/benchmarks/qca/eval/1bitAdderAOIG_inverted.dot",
  "placer": "SA",
  "wires": 17,
  "nNodes": 14,
  "tries": 37,
  "swaps": 30,
  "wrongEdges": 4,
  "area": 64,
  "usedAreaPercentage": 0.484375,
  "extraLayers": 2,
  "extraLayersLevels": [6, 1],
  "placement": [-1, -1, -1, -1, -1, -1, 4, -1, -1, -1, -1, -1, -1, -1, 26, -1, -1, -1, -1, -1, -1, 27, 5, 10, 29, 19, 20, -1, -1, 14, 9, 8, 18, 13, -1, -1, 16, 15, 2, 28, -1, 21, 30, 22, 25, 0, 3, 17, -1, -1, -1, 23, 1, 6, 7, 11, -1, -1, -1, 12, 24, -1, -1, -1],
  "n2c": [45, 52, 38, 46, 6, 22, 53, 54, 31, 30, 23, 55, 59, 33, 29, 37, 36, 47, 32, 25, 26, 41, 43, 51, 60, 44, 14, 21, 39, 24, 42]
}
