{
  "success": 0,
  "time": 0.508681,
  "dotName": "1bitAdderAOIG_inverted",
  "dotPath": "/home/jeronimo/Documentos/GIT/PeR/benchmarks/qca/eval/1bitAdderAOIG_inverted.dot",
  "placer": "SA",
  "wires": 20,
  "nNodes": 14,
  "tries": 39,
  "swaps": 33,
  "wrongEdges": 3,
  "area": 64,
  "usedAreaPercentage": 0.53125,
  "extraLayers": 2,
  "extraLayersLevels": [4, 1],
  "placement": [-1, -1, -1, 32, 18, 13, -1, -1, -1, -1, -1, 19, 20, 21, -1, -1, -1, -1, -1, 23, 22, 33, -1, -1, 31, 17, 11, 12, 28, 24, -1, -1, 8, 9, 4, -1, -1, -1, -1, -1, 10, 5, 29, -1, -1, -1, 27, 6, -1, 30, -1, -1, -1, 25, 7, 1, -1, 14, 15, 16, 26, 3, 2, 0],
  "n2c": [63, 55, 62, 61, 34, 41, 47, 54, 32, 33, 40, 26, 27, 5, 57, 58, 59, 25, 4, 11, 12, 13, 20, 19, 29, 53, 60, 46, 28, 42, 49, 24, 3, 21]
}
