{
  "success": 0,
  "allPlaced": 0,
  "time": 0.30727,
  "dotName": "1bitAdderMaj_inverted",
  "dotPath": "/home/jeronimo/Documentos/GIT/PeR/benchmarks/qca/eval/1bitAdderMaj_inverted.dot",
  "placer": "SA",
  "wires": 64,
  "nNodes": 20,
  "tries": 63,
  "swaps": 52,
  "wrongEdges": 43,
  "area": 132,
  "usedAreaPercentage": 0.401515,
  "extraLayers": 2,
  "extraLayersLevels": [1, 2],
  "placement": [-1, -1, -1, -1, -1, -1, -1, -1, -1, -1, -1, -1, -1, -1, -1, 2, 10, -1, -1, -1, -1, -1, -1, -1, -1, -1, -1, 8, 39, -1, -1, -1, -1, -1, -1, -1, -1, -1, 36, 37, 38, -1, -1, -1, -1, -1, -1, -1, -1, -1, 35, -1, -1, -1, -1, 50, 49, 48, 47, -1, 79, 24, 34, -1, -1, -1, -1, 51, 52, 53, 4, 67, 73, 25, -1, -1, -1, -1, -1, -1, -1, 54, -1, 68, -1, 77, -1, -1, 63, 64, 65, 66, 13, 15, -1, 69, -1, 83, 7, 14, 62, -1, -1, 59, 58, -1, -1, 70, -1, 71, 19, 60, 61, -1, -1, 17, 57, -1, 20, 16, -1, -1, -1, -1, -1, -1, -1, 42, 56, 55, 21, -1, -1, -1, -1, -1, -1, -1, -1, 1, 0, -1, -1, -1],
  "n2c": [140, 139, 15, -1, 70, -1, -1, 98, 27, -1, 16, -1, -1, 92, 99, 93, 119, 115, -1, 110, 118, 130, -1, -1, 61, 73, -1, -1, -1, -1, -1, -1, -1, -1, 62, 50, 38, 39, 40, 28, -1, -1, 127, -1, -1, -1, -1, 58, 57, 56, 55, 67, 68, 69, 81, 129, 128, 116, 104, 103, 111, 112, 100, 88, 89, 90, 91, 71, 83, 95, 107, 109, -1, 72, -1, -1, -1, 85, -1, 60, -1, -1, -1, 97]
}
