{
  "success": 0,
  "time": 1.05609,
  "dotName": "1bitAdderMaj_inverted",
  "dotPath": "/home/jeronimo/Documentos/GIT/PeR/benchmarks/qca/eval/1bitAdderMaj_inverted.dot",
  "placer": "SA",
  "wires": 58,
  "nNodes": 20,
  "tries": 60,
  "swaps": 45,
  "wrongEdges": 44,
  "area": 81,
  "usedAreaPercentage": 0.567901,
  "extraLayers": 2,
  "extraLayersLevels": [14, 11],
  "placement": [-1, -1, -1, -1, -1, -1, -1, -1, -1, -1, -1, -1, -1, -1, -1, -1, -1, -1, -1, -1, -1, -1, -1, -1, 6, 27, -1, -1, -1, -1, 76, -1, -1, -1, -1, 23, 22, -1, -1, 65, 66, 13, 74, 15, -1, -1, 7, 19, -1, -1, 64, -1, -1, -1, 75, -1, -1, 14, 60, 61, 62, 63, -1, -1, -1, 54, -1, -1, -1, 0, 72, 1, 42, 68, 67, 4, 53, -1, -1, -1, -1, 59, 77, 17, 69, -1, 47, 52, -1, -1, -1, -1, 58, -1, 16, 70, -1, 48, 51, -1, -1, -1, -1, 57, -1, 20, -1, -1, 49, 50, -1, -1, -1, -1, 56, 55, 21, -1, -1, -1, -1],
  "n2c": [69, 71, -1, -1, 75, -1, 24, 46, -1, -1, -1, -1, -1, 41, 57, 43, 94, 83, -1, 47, 105, 116, 36, 35, -1, -1, -1, 25, -1, -1, -1, -1, -1, -1, -1, -1, -1, -1, -1, -1, -1, -1, 72, -1, -1, -1, -1, 86, 97, 108, 109, 98, 87, 76, 65, 115, 114, 103, 92, 81, 58, 59, 60, 61, 50, 39, 40, 74, 73, 84, 95, -1, 70, -1, 42, 54, 30, 82]
}
