{
  "success": 0,
  "time": 0.873142,
  "dotName": "1bitAdderAOIG_inverted",
  "dotPath": "/home/jeronimo/Documentos/GIT/PeR/benchmarks/qca/eval/1bitAdderAOIG_inverted.dot",
  "placer": "SA",
  "wires": 25,
  "nNodes": 14,
  "tries": 45,
  "swaps": 38,
  "wrongEdges": 4,
  "area": 72,
  "usedAreaPercentage": 0.541667,
  "extraLayers": 4,
  "extraLayersLevels": [4, 1, 8, 5],
  "placement": [-1, 34, 1, 24, 28, 38, 12, -1, 26, -1, 0, 6, -1, 33, 22, 23, -1, 36, 2, -1, 27, -1, 21, 20, 19, -1, 16, 3, -1, 37, -1, 13, 18, 32, -1, 15, 25, 35, 7, 11, 17, 31, 8, 9, 14, -1, -1, -1, -1, -1, -1, 10, 5, 30, -1, -1, -1, -1, -1, -1, -1, 29, -1, -1, -1, -1, -1, -1, -1, -1, 4, -1, -1, -1, -1, -1, -1, -1, -1, -1, -1],
  "n2c": [10, 2, 18, 27, 70, 52, 11, 38, 42, 43, 51, 39, 6, 31, 44, 35, 26, 40, 32, 24, 23, 22, 14, 15, 3, 36, 8, 20, 4, 61, 53, 41, 33, 13, 1, 37, 17, 29, 5]
}
