{
  "success": 0,
  "allPlaced": 1,
  "time": 0.110409,
  "dotName": "1bitAdderAOIG_inverted",
  "dotPath": "/home/jeronimo/Documentos/GIT/PeR/benchmarks/qca/eval/1bitAdderAOIG_inverted.dot",
  "placer": "SA",
  "wires": 12,
  "nNodes": 14,
  "tries": 30,
  "swaps": 25,
  "wrongEdges": 3,
  "area": 48,
  "usedAreaPercentage": 0.541667,
  "extraLayers": 1,
  "extraLayersLevels": [6],
  "placement": [-1, -1, -1, -1, -1, -1, -1, -1, -1, -1, -1, -1, -1, -1, 21, 22, -1, -1, -1, -1, -1, 18, 13, 23, 3, 2, -1, -1, -1, 19, -1, 12, 16, 15, 14, -1, -1, 20, -1, 24, -1, 9, 5, 4, 11, 7, 6, 1, 17, 8, 10, -1, -1, -1, 0, 25, -1, -1, -1, -1, -1, -1, -1, -1],
  "n2c": [54, 47, 25, 24, 43, 42, 46, 45, 49, 41, 50, 44, 31, 22, 34, 33, 32, 48, 21, 29, 37, 14, 15, 23, 39, 55]
}
