{
  "success": 0,
  "time": 0.837722,
  "dotName": "1bitAdderMaj_inverted",
  "dotPath": "/home/jeronimo/Documentos/GIT/PeR/benchmarks/qca/eval/1bitAdderMaj_inverted.dot",
  "placer": "SA",
  "wires": 52,
  "nNodes": 20,
  "tries": 45,
  "swaps": 36,
  "wrongEdges": 47,
  "area": 72,
  "usedAreaPercentage": 0.513889,
  "extraLayers": 0,
  "extraLayersLevels": [],
  "placement": [-1, -1, -1, -1, -1, 54, 53, 18, 15, 59, 58, -1, -1, -1, -1, -1, -1, 52, 1, 13, 17, 57, -1, -1, -1, -1, -1, -1, 51, 0, -1, -1, 56, -1, -1, -1, -1, 48, 49, 50, -1, -1, 21, 55, -1, -1, -1, -1, 47, -1, -1, -1, 16, 20, -1, -1, -1, -1, 22, 4, 67, 68, 69, 70, -1, -1, -1, -1, -1, 19, 71, 25, -1, -1, -1, -1, -1, -1, -1, -1, -1, 30, 24, 14, -1, -1, -1, -1, -1, -1, -1, -1, 29, 28, 26, -1, -1, -1, -1, -1, -1, -1, -1, -1, -1, -1, -1, -1, -1, -1, -1, -1, -1, -1, -1, -1, -1, -1, -1, -1, -1],
  "n2c": [29, 18, -1, -1, 59, -1, -1, -1, -1, -1, -1, -1, -1, 19, 83, 8, 52, 20, 7, 69, 53, 42, 58, -1, 82, 71, 94, -1, 93, 92, 81, -1, -1, -1, -1, -1, -1, -1, -1, -1, -1, -1, -1, -1, -1, -1, -1, 48, 37, 38, 39, 28, 17, 6, 5, 43, 32, 21, 10, 9, -1, -1, -1, -1, -1, -1, -1, 60, 61, 62, 63, 70]
}
