{
  "success": 0,
  "allPlaced": 0,
  "time": 0.202324,
  "dotName": "1bitAdderMaj_inverted",
  "dotPath": "/home/jeronimo/Documentos/GIT/PeR/benchmarks/qca/eval/1bitAdderMaj_inverted.dot",
  "placer": "SA",
  "wires": 52,
  "nNodes": 20,
  "tries": 48,
  "swaps": 38,
  "wrongEdges": 45,
  "area": 66,
  "usedAreaPercentage": 0.590909,
  "extraLayers": 0,
  "extraLayersLevels": [],
  "placement": [-1, 50, 49, 48, 47, -1, -1, -1, -1, -1, -1, -1, 51, 52, 53, 4, 67, -1, -1, -1, -1, -1, -1, -1, -1, 54, -1, 68, -1, -1, -1, -1, -1, 65, 66, 13, 15, -1, 69, -1, -1, -1, -1, -1, 64, -1, -1, -1, 16, 70, -1, -1, -1, -1, -1, 63, -1, -1, 21, 20, -1, -1, -1, -1, -1, -1, 62, -1, -1, 55, -1, -1, -1, -1, -1, -1, -1, 61, -1, 0, 56, -1, -1, -1, -1, -1, -1, -1, 60, 14, 1, 57, -1, -1, -1, -1, -1, -1, -1, 19, 7, 42, 58, -1, -1, -1, -1, -1, -1, -1, 22, 23, 17, 59, -1, -1, -1, -1, -1, -1, -1],
  "n2c": [79, 90, -1, -1, 15, -1, -1, 100, -1, -1, -1, -1, -1, 35, 89, 36, 48, 112, -1, 99, 59, 58, 110, 111, -1, -1, -1, -1, -1, -1, -1, -1, -1, -1, -1, -1, -1, -1, -1, -1, -1, -1, 101, -1, -1, -1, -1, 4, 3, 2, 1, 12, 13, 14, 25, 69, 80, 91, 102, 113, 88, 77, 66, 55, 44, 33, 34, 16, 27, 38, 49, -1]
}
