{
  "success": 0,
  "time": 0.506722,
  "dotName": "1bitAdderAOIG_inverted",
  "dotPath": "/home/jeronimo/Documentos/GIT/PeR/benchmarks/qca/eval/1bitAdderAOIG_inverted.dot",
  "placer": "SA",
  "wires": 11,
  "nNodes": 14,
  "tries": 28,
  "swaps": 24,
  "wrongEdges": 4,
  "area": 49,
  "usedAreaPercentage": 0.510204,
  "extraLayers": 0,
  "extraLayersLevels": [],
  "placement": [16, -1, 17, -1, -1, -1, -1, 15, 10, 8, -1, -1, -1, -1, 14, 5, 9, -1, -1, -1, -1, -1, 4, 11, 12, -1, -1, 23, -1, -1, -1, 24, -1, -1, 22, -1, -1, 6, 1, 0, -1, 21, 2, 3, 7, 20, 19, 18, 13],
  "n2c": [39, 38, 42, 43, 22, 15, 37, 44, 9, 16, 8, 23, 24, 48, 14, 7, 0, 2, 47, 46, 45, 41, 34, 27, 31]
}
