{
  "success": 0,
  "allPlaced": 0,
  "time": 0.445966,
  "dotName": "1bitAdderMaj_inverted",
  "dotPath": "/home/jeronimo/Documentos/GIT/PeR/benchmarks/qca/eval/1bitAdderMaj_inverted.dot",
  "placer": "SA",
  "wires": 72,
  "nNodes": 20,
  "tries": 59,
  "swaps": 47,
  "wrongEdges": 56,
  "area": 108,
  "usedAreaPercentage": 0.444444,
  "extraLayers": 4,
  "extraLayersLevels": [1, 2, 15, 2],
  "placement": [-1, -1, -1, -1, -1, -1, -1, -1, -1, -1, -1, -1, 54, -1, 79, 24, -1, 2, 8, -1, -1, -1, -1, -1, 53, -1, 87, 34, -1, 10, 39, -1, -1, -1, -1, -1, 52, -1, 73, 35, 36, 37, 38, -1, -1, -1, -1, -1, 51, 77, 25, -1, -1, -1, -1, -1, -1, -1, -1, -1, 50, 91, 83, 71, 19, -1, -1, -1, -1, -1, -1, -1, 49, 48, 47, 4, 22, -1, -1, -1, -1, -1, 17, 13, -1, -1, -1, 67, -1, 21, 55, 56, 57, 58, 59, 15, -1, -1, -1, 68, -1, 20, -1, -1, 0, 1, 84, 18, -1, -1, -1, 69, 70, 16, -1, -1, -1, -1, -1, -1, -1, -1, -1, -1, -1, -1, -1, -1, -1, -1, -1, -1, -1, -1, -1, -1, -1, -1, -1, -1, -1, -1, -1, -1],
  "n2c": [104, 105, 17, -1, 75, -1, -1, -1, 18, -1, 29, -1, -1, 83, -1, 95, 113, 82, 107, 64, 101, 89, 76, -1, 15, 50, -1, -1, -1, -1, -1, -1, -1, -1, 27, 39, 40, 41, 42, 30, -1, -1, -1, -1, -1, -1, -1, 74, 73, 72, 60, 48, 36, 24, 12, 90, 91, 92, 93, 94, -1, -1, -1, -1, -1, -1, -1, 87, 99, 111, 112, 63, -1, 38, -1, -1, -1, 49, -1, 14, -1, -1, -1, 62, 106, -1, -1, 26, -1, -1, -1, 61]
}
