{
  "success": 0,
  "allPlaced": 0,
  "time": 0.294369,
  "dotName": "1bitAdderMaj_inverted",
  "dotPath": "/home/jeronimo/Documentos/GIT/PeR/benchmarks/qca/eval/1bitAdderMaj_inverted.dot",
  "placer": "SA",
  "wires": 58,
  "nNodes": 20,
  "tries": 47,
  "swaps": 37,
  "wrongEdges": 52,
  "area": 81,
  "usedAreaPercentage": 0.469136,
  "extraLayers": 1,
  "extraLayersLevels": [1],
  "placement": [-1, -1, -1, -1, -1, -1, -1, -1, -1, -1, -1, -1, -1, -1, -1, -1, -1, -1, -1, -1, -1, -1, -1, -1, -1, -1, -1, -1, 54, 53, 52, -1, -1, -1, -1, -1, -1, -1, -1, -1, -1, 51, -1, -1, 14, 24, 73, 25, 19, 22, -1, -1, 50, -1, -1, 26, 28, 29, 77, 71, 4, 47, 48, 49, -1, -1, -1, -1, -1, 69, 68, 67, -1, -1, -1, -1, -1, -1, -1, -1, 70, 16, -1, -1, -1, -1, -1, -1, 0, -1, -1, -1, 20, -1, -1, -1, -1, -1, -1, 1, 13, 17, -1, 21, 55, -1, -1, -1, -1, -1, 18, 15, 59, 58, 57, 56, -1, -1, -1, -1, -1],
  "n2c": [88, 99, -1, -1, 60, -1, -1, -1, -1, -1, -1, -1, -1, 100, 44, 111, 81, 101, 110, 48, 92, 103, 49, -1, 45, 47, 55, -1, 56, 57, -1, -1, -1, -1, -1, -1, -1, -1, -1, -1, -1, -1, -1, -1, -1, -1, -1, 61, 62, 63, 52, 41, 30, 29, 28, 104, 115, 114, 113, 112, -1, -1, -1, -1, -1, -1, -1, 71, 70, 69, 80, 59, -1, 46, -1, -1, -1, 58]
}
