{
  "success": 0,
  "time": 0.786916,
  "dotName": "1bitAdderAOIG_inverted",
  "dotPath": "/home/jeronimo/Documentos/GIT/PeR/benchmarks/qca/eval/1bitAdderAOIG_inverted.dot",
  "placer": "SA",
  "wires": 21,
  "nNodes": 14,
  "tries": 43,
  "swaps": 33,
  "wrongEdges": 3,
  "area": 48,
  "usedAreaPercentage": 0.708333,
  "extraLayers": 3,
  "extraLayersLevels": [4, 1, 8],
  "placement": [-1, 23, 22, 33, 21, 13, -1, -1, 2, 12, -1, -1, -1, 18, -1, -1, 3, 28, -1, -1, -1, 32, -1, -1, 26, 24, -1, -1, 25, 19, -1, -1, 16, 1, 6, 27, 7, 20, -1, -1, 15, 34, 29, 4, 11, -1, -1, -1, 14, 30, 5, 10, 17, -1, -1, -1, -1, -1, 9, 8, 31, -1, -1, -1],
  "n2c": [-1, 33, 8, 16, 43, 50, 34, 36, 59, 58, 51, 44, 9, 5, 48, 40, 32, 52, 13, 29, 37, 4, 2, 1, 25, 28, 24, 35, 17, 42, 49, 60, 21, 3, 41]
}
