{
  "success": 0,
  "time": 0.78382,
  "dotName": "1bitAdderMaj_inverted",
  "dotPath": "/home/jeronimo/Documentos/GIT/PeR/benchmarks/qca/eval/1bitAdderMaj_inverted.dot",
  "placer": "SA",
  "wires": 53,
  "nNodes": 20,
  "tries": 52,
  "swaps": 41,
  "wrongEdges": 43,
  "area": 110,
  "usedAreaPercentage": 0.381818,
  "extraLayers": 1,
  "extraLayersLevels": [14],
  "placement": [-1, -1, -1, -1, -1, -1, -1, 0, 72, 1, 42, -1, 14, 60, 61, -1, -1, -1, -1, 58, 59, 17, -1, 7, 19, 62, -1, -1, -1, -1, 57, -1, -1, -1, 23, 22, 63, -1, -1, -1, -1, 56, -1, -1, -1, 6, 27, 64, -1, -1, -1, -1, 55, 21, -1, -1, -1, -1, 65, -1, -1, -1, -1, -1, 20, 16, -1, -1, -1, 66, -1, -1, -1, -1, -1, -1, 70, -1, -1, -1, 13, -1, -1, -1, -1, -1, -1, 69, -1, -1, -1, 15, 54, -1, -1, -1, -1, -1, 68, -1, -1, -1, -1, 53, -1, -1, -1, -1, -1, 67, -1, -1, -1, -1, 52, 51, 50, 49, 48, 47, 4],
  "n2c": [7, 9, -1, -1, 120, -1, 45, 23, -1, -1, -1, -1, -1, 80, 12, 91, 65, 21, -1, 24, 64, 53, 35, 34, -1, -1, -1, 46, -1, -1, -1, -1, -1, -1, -1, -1, -1, -1, -1, -1, -1, -1, 10, -1, -1, -1, -1, 119, 118, 117, 116, 115, 114, 103, 92, 52, 41, 30, 19, 20, 13, 14, 25, 36, 47, 58, 69, 109, 98, 87, 76, -1, 8]
}
