{
  "success": 0,
  "time": 0.982244,
  "dotName": "1bitAdderMaj_inverted",
  "dotPath": "/home/jeronimo/Documentos/GIT/PeR/benchmarks/qca/eval/1bitAdderMaj_inverted.dot",
  "placer": "SA",
  "wires": 61,
  "nNodes": 20,
  "tries": 48,
  "swaps": 39,
  "wrongEdges": 53,
  "area": 99,
  "usedAreaPercentage": 0.40404,
  "extraLayers": 3,
  "extraLayersLevels": [14, 11, 0],
  "placement": [-1, -1, -1, -1, -1, 72, 1, 42, 17, -1, -1, -1, -1, -1, -1, -1, 0, 58, 59, 77, -1, -1, -1, -1, -1, -1, -1, -1, 57, 56, 55, -1, -1, -1, -1, -1, -1, -1, -1, -1, -1, 21, 20, 16, -1, -1, -1, -1, -1, -1, -1, -1, -1, -1, 70, -1, -1, -1, -1, -1, -1, -1, -1, -1, -1, 69, -1, -1, 8, 2, -1, -1, -1, -1, -1, -1, 68, -1, -1, 39, 10, -1, -1, -1, -1, -1, -1, 67, -1, -1, 38, 12, -1, 75, 54, 49, 48, 47, 4, -1, -1, 37, 13, 74, 15, 53, 50, -1, -1, -1, -1, -1, 36, 76, -1, -1, 52, 51, -1, -1, -1],
  "n2c": [16, 6, 69, -1, 98, -1, -1, -1, 68, -1, 80, -1, 91, 102, -1, 104, 43, 8, -1, -1, 42, 41, -1, -1, -1, -1, -1, -1, -1, -1, -1, -1, -1, -1, -1, -1, 112, 101, 90, 79, -1, -1, 7, -1, -1, -1, -1, 97, 96, 95, 106, 117, 116, 105, 94, 30, 29, 28, 17, 18, -1, -1, -1, -1, -1, -1, -1, 87, 76, 65, 54, -1, 5, -1, 103, 93, 113, 19, -1, -1, -1]
}
