{
  "success": 0,
  "time": 0.644263,
  "dotName": "1bitAdderAOIG_inverted",
  "dotPath": "/home/jeronimo/Documentos/GIT/PeR/benchmarks/qca/eval/1bitAdderAOIG_inverted.dot",
  "placer": "SA",
  "wires": 15,
  "nNodes": 14,
  "tries": 34,
  "swaps": 28,
  "wrongEdges": 3,
  "area": 49,
  "usedAreaPercentage": 0.591837,
  "extraLayers": 1,
  "extraLayersLevels": [4],
  "placement": [-1, -1, -1, -1, -1, -1, -1, -1, -1, 13, 21, 22, 23, 12, -1, -1, -1, 18, -1, -1, -1, 28, -1, -1, -1, 19, 20, -1, -1, 24, -1, -1, -1, -1, -1, -1, 0, 1, 6, -1, -1, 9, 8, 17, 11, 7, 27, -1, 4, 5, 10, 2, 3, 25, -1, -1, -1, 14, 15, 16, 26, -1, -1, -1],
  "n2c": [36, 37, 51, 52, 48, 49, 38, 45, 42, 41, 50, 44, 13, 9, 57, 58, 59, 43, 17, 25, 26, 10, 11, 12, 29, 53, 60, 46, 21]
}
