{
  "success": 0,
  "time": 1.17163,
  "dotName": "1bitAdderMaj_inverted",
  "dotPath": "/home/jeronimo/Documentos/GIT/PeR/benchmarks/qca/eval/1bitAdderMaj_inverted.dot",
  "placer": "SA",
  "wires": 69,
  "nNodes": 20,
  "tries": 63,
  "swaps": 52,
  "wrongEdges": 48,
  "area": 120,
  "usedAreaPercentage": 0.441667,
  "extraLayers": 4,
  "extraLayersLevels": [14, 11, 0, 9],
  "placement": [-1, -1, -1, -1, -1, -1, -1, -1, -1, -1, -1, -1, -1, -1, -1, -1, -1, -1, -1, -1, -1, -1, -1, -1, -1, -1, -1, -1, -1, -1, 0, -1, -1, -1, -1, -1, 44, 45, 73, 46, 18, 1, 72, -1, -1, -1, -1, -1, 43, 85, 16, 70, 69, -1, -1, -1, 8, 83, 2, -1, -1, -1, -1, -1, 68, 24, 34, 35, 84, -1, 20, -1, -1, -1, -1, -1, 67, 14, 26, 36, 39, 55, 21, -1, -1, -1, -1, -1, 4, 47, -1, 37, 38, 56, 87, 57, -1, -1, -1, -1, -1, 48, -1, -1, 17, 77, 59, 58, -1, -1, -1, -1, -1, 49, -1, 13, 76, -1, -1, -1, -1, -1, -1, 86, 51, 50, -1, 74, -1, -1, -1, -1, -1, -1, -1, 52, 53, 54, 75, 15, -1, -1, -1, -1],
  "n2c": [30, 41, 58, -1, 88, -1, -1, -1, 56, -1, -1, -1, -1, 115, 77, 139, 50, 104, 40, -1, 70, 82, -1, -1, 65, -1, 78, -1, -1, -1, -1, -1, -1, -1, 66, 67, 79, 91, 92, 80, -1, -1, -1, 48, 36, 37, 39, 89, 101, 113, 125, 124, 135, 136, 137, 81, 93, 95, 107, 106, -1, -1, -1, -1, -1, -1, -1, 76, 64, 52, 51, -1, 42, 38, 127, 138, 116, 105, -1, -1, -1, -1, -1, 57, 68, 49, 123, 94, -1]
}
