{
  "success": 0,
  "allPlaced": 0,
  "time": 0.196161,
  "dotName": "1bitAdderAOIG_inverted",
  "dotPath": "/home/jeronimo/Documentos/GIT/PeR/benchmarks/qca/eval/1bitAdderAOIG_inverted.dot",
  "placer": "SA",
  "wires": 27,
  "nNodes": 14,
  "tries": 47,
  "swaps": 39,
  "wrongEdges": 6,
  "area": 63,
  "usedAreaPercentage": 0.634921,
  "extraLayers": 4,
  "extraLayersLevels": [6, 1, 5, 0],
  "placement": [-1, -1, -1, 32, 16, 15, 14, -1, -1, -1, -1, 31, 3, 36, 5, 27, -1, -1, -1, 33, 7, 38, 9, 26, -1, -1, -1, 0, 6, 20, -1, -1, 4, -1, -1, -1, 25, 1, 19, -1, -1, 11, 17, -1, -1, 23, 12, 29, -1, -1, -1, 28, -1, -1, 22, 34, 18, -1, -1, -1, 8, -1, -1, 30, 24, 39, -1, -1, -1, 37, -1, -1, 21, 40, 13, -1, -1, 35, 10, -1, -1],
  "n2c": [27, 37, -1, 12, 32, 14, 28, 20, 60, 22, 78, 41, 46, 74, 6, 5, 4, 42, 56, 38, 29, 72, 54, 45, 64, 36, 23, 15, 51, 47, 63, 11, 3, 19, 55, 77, 13, 69, 21, 65, 73]
}
