{
  "success": 0,
  "allPlaced": 0,
  "time": 0.214626,
  "dotName": "b1_r2_inverted",
  "dotPath": "/home/jeronimo/Documentos/GIT/PeR/benchmarks/qca/eval/b1_r2_inverted.dot",
  "placer": "SA",
  "wires": 24,
  "nNodes": 19,
  "tries": 48,
  "swaps": 37,
  "wrongEdges": 9,
  "area": 72,
  "usedAreaPercentage": 0.527778,
  "extraLayers": 3,
  "extraLayersLevels": [3, 3, 1],
  "placement": [3, 25, 31, -1, -1, -1, -1, -1, -1, 26, 16, 15, -1, 42, 1, -1, -1, -1, 32, 18, 19, 41, 20, 0, -1, -1, -1, 21, -1, 40, 22, 23, 33, -1, -1, -1, 13, 39, 14, 12, -1, 27, 4, -1, -1, -1, -1, -1, 11, 28, 17, 5, 35, -1, -1, -1, -1, 38, 34, -1, 24, 29, -1, -1, -1, -1, -1, 7, 36, -1, -1, -1, -1, -1, -1, -1, 6, 30, -1, -1, -1],
  "n2c": [23, 14, -1, 0, 42, 51, 76, 67, -1, -1, -1, 48, 39, 36, 38, 11, 10, 50, 19, 20, 22, 27, 30, 31, 60, 1, 9, 41, 49, 61, 77, 2, 18, 32, 58, 52, 68, -1, 57, 37, 29, 21, 13]
}
