{
  "success": 0,
  "time": 0.651401,
  "dotName": "b1_r2_inverted",
  "dotPath": "/home/jeronimo/Documentos/GIT/PeR/benchmarks/qca/eval/b1_r2_inverted.dot",
  "placer": "SA",
  "wires": 26,
  "nNodes": 19,
  "tries": 53,
  "swaps": 41,
  "wrongEdges": 7,
  "area": 81,
  "usedAreaPercentage": 0.518519,
  "extraLayers": 3,
  "extraLayersLevels": [2, 2, 5],
  "placement": [-1, -1, -1, -1, -1, -1, 0, 26, 33, -1, -1, 10, 9, -1, -1, -1, -1, 1, -1, 28, 35, 16, -1, -1, -1, 19, 20, -1, 15, -1, 36, 5, 4, -1, 38, -1, 3, 39, -1, 29, 24, -1, -1, 31, 6, 40, -1, 30, 18, 43, -1, -1, 7, 44, 21, -1, 37, -1, -1, -1, -1, 42, -1, 25, -1, 22, 34, 27, 23, 41, 17, -1, 32, 13, 14, 12, -1, -1, -1, -1, -1],
  "n2c": [6, 17, -1, 36, 32, 31, 44, 52, -1, 12, 11, -1, 75, 73, 74, 28, 21, 70, 48, 25, 26, 54, 65, 68, 40, 63, 7, 67, 19, 39, 47, 43, 72, 8, 66, 20, 30, 56, 34, 37, 45, 69, 61, 49, 53]
}
