{
  "success": 0,
  "time": 0.533561,
  "dotName": "b1_r2_inverted",
  "dotPath": "/home/jeronimo/Documentos/GIT/PeR/benchmarks/qca/eval/b1_r2_inverted.dot",
  "placer": "SA",
  "wires": 6,
  "nNodes": 19,
  "tries": 29,
  "swaps": 24,
  "wrongEdges": 3,
  "area": 49,
  "usedAreaPercentage": 0.510204,
  "extraLayers": 0,
  "extraLayersLevels": [],
  "placement": [-1, 2, 3, 21, 13, -1, -1, -1, -1, 15, 10, 14, 22, -1, -1, -1, 16, 9, 17, 23, -1, -1, 12, 11, -1, 7, 6, -1, 4, 5, 24, 18, 19, -1, -1, -1, -1, -1, -1, 20, 1, 0, -1, -1, -1, -1, 8, -1, -1],
  "n2c": [41, 40, 1, 2, 28, 29, 26, 25, 46, 17, 10, 23, 22, 4, 11, 9, 16, 18, 31, 32, 39, 3, 12, 19, 30]
}
