{
  "success": 0,
  "allPlaced": 1,
  "time": 0.589849,
  "dotName": "b1_r2_inverted",
  "dotPath": "/home/jeronimo/Documentos/GIT/PeR/benchmarks/qca/eval/b1_r2_inverted.dot",
  "placer": "SA",
  "wires": 12,
  "nNodes": 19,
  "tries": 36,
  "swaps": 30,
  "wrongEdges": 4,
  "area": 64,
  "usedAreaPercentage": 0.484375,
  "extraLayers": 1,
  "extraLayersLevels": [3],
  "placement": [-1, -1, 0, 5, 24, -1, -1, -1, 8, 20, 1, 4, 29, -1, -1, -1, -1, 19, -1, -1, 18, 16, 11, 12, -1, 7, 30, 6, -1, 15, -1, -1, -1, 28, -1, -1, -1, 25, -1, -1, 27, 17, 13, 21, 26, 3, -1, -1, 23, 22, 14, -1, -1, 2, -1, -1, -1, -1, 10, 9, -1, -1, -1, -1],
  "n2c": [2, 10, 53, 45, 11, 3, 27, 25, 8, 59, 58, 22, 23, 42, 50, 29, 21, 41, 20, 17, 9, 43, 49, 48, 4, 37, 44, 40, 33, 12, 26]
}
