{
  "success": 0,
  "time": 0.875203,
  "dotName": "b1_r2_inverted",
  "dotPath": "/home/jeronimo/Documentos/GIT/PeR/benchmarks/qca/eval/b1_r2_inverted.dot",
  "placer": "SA",
  "wires": 20,
  "nNodes": 19,
  "tries": 43,
  "swaps": 38,
  "wrongEdges": 3,
  "area": 72,
  "usedAreaPercentage": 0.541667,
  "extraLayers": 2,
  "extraLayersLevels": [2, 2],
  "placement": [-1, -1, -1, -1, -1, -1, -1, -1, -1, 0, 24, -1, -1, -1, -1, -1, -1, 9, 26, 5, 17, 23, 27, 34, 22, 14, 10, 33, 4, 7, 6, -1, -1, -1, 13, -1, 1, -1, 31, 2, 3, 21, 25, 32, -1, 20, 19, 38, 12, 15, -1, -1, -1, -1, 8, 37, -1, 11, 28, -1, -1, -1, -1, -1, 30, -1, 16, 35, -1, -1, -1, -1, -1, 18, 29, 36, -1, -1, -1, -1, -1],
  "n2c": [9, 36, 39, 40, 28, 19, 30, 29, 54, 17, 26, 57, 48, 34, 25, 49, 66, 20, 73, 46, 45, 41, 24, 21, 10, 42, 18, 22, 58, 74, 64, 38, 43, 27, 23, 67, 75, 55, 47]
}
