{
  "success": 0,
  "allPlaced": 1,
  "time": 0.171291,
  "dotName": "b1_r2_inverted",
  "dotPath": "/home/jeronimo/Documentos/GIT/PeR/benchmarks/qca/eval/b1_r2_inverted.dot",
  "placer": "SA",
  "wires": 6,
  "nNodes": 19,
  "tries": 32,
  "swaps": 24,
  "wrongEdges": 3,
  "area": 42,
  "usedAreaPercentage": 0.595238,
  "extraLayers": 0,
  "extraLayersLevels": [],
  "placement": [-1, 0, 1, 20, 8, -1, -1, -1, -1, 2, 19, 18, -1, -1, -1, -1, 3, 15, 16, 11, 12, -1, -1, 21, 10, 9, -1, -1, -1, -1, 13, 14, 6, 7, -1, -1, -1, -1, 22, 23, 17, -1, -1, -1, -1, -1, 4, 5, 24],
  "n2c": [1, 2, 9, 16, 46, 47, 32, 33, 4, 25, 24, 19, 20, 30, 31, 17, 18, 40, 11, 10, 3, 23, 38, 39, 48]
}
