{
  "success": 0,
  "allPlaced": 0,
  "time": 0.22293,
  "dotName": "b1_r2_inverted",
  "dotPath": "/home/jeronimo/Documentos/GIT/PeR/benchmarks/qca/eval/b1_r2_inverted.dot",
  "placer": "SA",
  "wires": 30,
  "nNodes": 19,
  "tries": 54,
  "swaps": 43,
  "wrongEdges": 9,
  "area": 81,
  "usedAreaPercentage": 0.54321,
  "extraLayers": 4,
  "extraLayersLevels": [3, 3, 1, 1],
  "placement": [-1, -1, -1, -1, 6, 41, 47, 0, 1, -1, -1, -1, -1, 30, 19, 20, 48, 42, -1, -1, -1, -1, 36, 7, -1, 27, 33, -1, -1, -1, -1, -1, 34, 28, 17, 23, -1, 26, 32, 21, 13, 39, 45, -1, 22, 25, 3, 18, 35, 29, 24, 14, 46, 40, 31, 15, 16, -1, 4, 5, 10, -1, -1, -1, -1, 38, -1, -1, -1, -1, -1, -1, -1, -1, 44, 11, 12, -1, -1, -1, -1],
  "n2c": [7, 8, -1, 46, 58, 59, 4, 23, -1, -1, 60, 75, 76, 40, 51, 55, 56, 34, 47, 14, 15, 39, 44, 35, 50, 45, 37, 25, 33, 49, 13, 54, 38, 26, 32, 48, 22, -1, 65, 41, 53, 5, 17, -1, 74, 42, 52, 6, 16]
}
