{
  "success": 0,
  "time": 0.708236,
  "dotName": "b1_r2_inverted",
  "dotPath": "/home/jeronimo/Documentos/GIT/PeR/benchmarks/qca/eval/b1_r2_inverted.dot",
  "placer": "SA",
  "wires": 13,
  "nNodes": 19,
  "tries": 36,
  "swaps": 31,
  "wrongEdges": 4,
  "area": 49,
  "usedAreaPercentage": 0.653061,
  "extraLayers": 1,
  "extraLayersLevels": [2],
  "placement": [-1, -1, -1, -1, -1, -1, -1, -1, 2, -1, -1, -1, 22, 27, -1, -1, 3, 21, 25, 13, 14, 23, -1, -1, 15, -1, -1, -1, 12, 11, -1, -1, 28, 16, 9, 10, -1, -1, -1, -1, -1, 29, 8, 20, 1, 26, -1, -1, -1, 18, 30, 19, 6, 0, 4, -1, -1, 24, -1, 31, 7, 17, 5, -1],
  "n2c": [53, 44, 8, 16, 54, 62, 52, 60, 42, 34, 35, 29, 28, 19, 20, 24, 33, 61, 49, 51, 43, 17, 12, 21, 57, 18, 45, 13, 32, 41, 50, 59]
}
