{
  "success": 0,
  "allPlaced": 1,
  "time": 0.280012,
  "dotName": "b1_r2_inverted",
  "dotPath": "/home/jeronimo/Documentos/GIT/PeR/benchmarks/qca/eval/b1_r2_inverted.dot",
  "placer": "SA",
  "wires": 18,
  "nNodes": 19,
  "tries": 49,
  "swaps": 36,
  "wrongEdges": 4,
  "area": 72,
  "usedAreaPercentage": 0.513889,
  "extraLayers": 2,
  "extraLayersLevels": [3, 3],
  "placement": [17, 27, 33, 23, 22, -1, -1, -1, -1, 28, -1, -1, -1, 14, 13, 21, 32, -1, 34, -1, -1, 9, 10, 2, 3, 26, -1, 7, 36, 30, 6, 15, 31, 25, -1, -1, 19, 20, 8, 18, 16, 11, 12, -1, -1, -1, 1, 0, 35, -1, -1, -1, -1, -1, -1, -1, -1, 29, -1, -1, -1, -1, -1, -1, -1, -1, 24, -1, -1, -1, -1, -1, -1, -1, 4, 5, -1, -1, -1, -1, -1],
  "n2c": [47, 46, 23, 24, 74, 75, 30, 27, 38, 21, 22, 41, 42, 14, 13, 31, 40, 0, 39, 36, 37, 15, 4, 3, 66, 33, 25, 1, 9, 57, 29, 32, 16, 2, 18, 48, 28]
}
