{
  "success": 0,
  "time": 1.06361,
  "dotName": "clpl_inverted",
  "dotPath": "/home/jeronimo/Documentos/GIT/PeR/benchmarks/qca/eval/clpl_inverted.dot",
  "placer": "SA",
  "wires": 63,
  "nNodes": 26,
  "tries": 59,
  "swaps": 47,
  "wrongEdges": 41,
  "area": 90,
  "usedAreaPercentage": 0.533333,
  "extraLayers": 2,
  "extraLayersLevels": [3, 1],
  "placement": [-1, -1, -1, -1, -1, -1, -1, -1, -1, -1, -1, -1, -1, -1, -1, -1, -1, -1, -1, -1, -1, -1, -1, -1, -1, -1, -1, -1, -1, -1, -1, -1, -1, 81, 27, 25, -1, -1, -1, -1, -1, -1, -1, -1, -1, 28, -1, -1, -1, -1, -1, -1, -1, -1, -1, 30, 71, 29, -1, -1, -1, -1, -1, -1, -1, -1, -1, 31, 21, 36, 82, 37, -1, -1, -1, 44, 43, 34, 33, 32, -1, 39, 72, 38, -1, -1, -1, 73, 83, 35, 7, 6, -1, 40, -1, -1, -1, -1, -1, 45, 42, 24, 23, 9, 20, 41, -1, -1, -1, -1, -1, 46, 47, 48, 49, 8, 1, 0, -1, -1, -1, -1, -1, 19, -1, -1, -1, -1, 61, -1, -1, -1, -1, -1, -1, 57, 85, 58, 59, 75, 60, -1, -1, -1],
  "n2c": [117, 116, -1, -1, -1, -1, 91, 90, 115, 103, -1, -1, -1, -1, -1, -1, -1, -1, -1, 123, 104, 68, -1, 102, 101, 35, -1, 34, 45, 57, 55, 67, 79, 78, 77, 89, 69, 71, 83, 81, 93, 105, 100, 76, 75, 99, 111, 112, 113, 114, -1, -1, -1, -1, -1, -1, -1, 135, 137, 138, 140, 128, -1, -1, -1, -1, -1, -1, -1, -1, -1, 56, 82, 87, -1, 139, -1, -1, -1, -1, -1, 33, 70, 88, -1, 136, -1, -1, -1]
}
