{
  "success": 0,
  "time": 1.44266,
  "dotName": "clpl_inverted",
  "dotPath": "/home/jeronimo/Documentos/GIT/PeR/benchmarks/qca/eval/clpl_inverted.dot",
  "placer": "SA",
  "wires": 73,
  "nNodes": 26,
  "tries": 56,
  "swaps": 45,
  "wrongEdges": 53,
  "area": 88,
  "usedAreaPercentage": 0.522727,
  "extraLayers": 3,
  "extraLayersLevels": [3, 1, 1],
  "placement": [-1, -1, -1, -1, -1, -1, -1, -1, -1, -1, -1, -1, 52, 74, 53, 54, -1, -1, -1, -1, -1, -1, -1, -1, 51, 84, 94, 55, 8, 39, 72, -1, -1, -1, -1, -1, -1, 22, 50, 56, 9, 40, 38, -1, -1, -1, -1, -1, -1, -1, 2, 3, 20, 41, 37, -1, -1, -1, -1, -1, -1, -1, 70, 17, 1, 0, 82, 21, -1, -1, -1, -1, -1, -1, 78, -1, 61, -1, 92, 36, -1, -1, -1, -1, -1, 18, 69, -1, 60, -1, -1, -1, -1, -1, -1, -1, -1, 67, 68, -1, 75, -1, -1, -1, -1, -1, -1, -1, -1, 98, 88, 19, 59, -1, -1, -1, -1, -1, -1, -1, -1, -1, -1, 57, 58, -1, -1, -1, -1, -1, -1, -1, -1, -1, -1, 95, 85, -1, -1, -1, -1, -1, -1, -1],
  "n2c": [65, 64, 50, 51, -1, -1, -1, -1, 28, 40, -1, -1, -1, -1, -1, -1, -1, 63, 85, 111, 52, 67, 37, -1, -1, -1, -1, -1, -1, -1, -1, -1, -1, -1, -1, -1, 79, 54, 42, 29, 41, 53, -1, -1, -1, -1, -1, -1, -1, -1, 38, 24, 12, 14, 15, 27, 39, 123, 124, 112, 88, 76, -1, -1, -1, -1, -1, 97, 98, 86, 62, -1, 30, -1, 13, 100, -1, -1, 74, -1, -1, -1, 66, -1, 25, 136, -1, -1, 110, -1, -1, -1, 78, -1, 26, 135, -1, -1, 109]
}
