{
  "success": 0,
  "allPlaced": 0,
  "time": 0.447489,
  "dotName": "clpl_inverted",
  "dotPath": "/home/jeronimo/Documentos/GIT/PeR/benchmarks/qca/eval/clpl_inverted.dot",
  "placer": "SA",
  "wires": 65,
  "nNodes": 26,
  "tries": 61,
  "swaps": 48,
  "wrongEdges": 42,
  "area": 90,
  "usedAreaPercentage": 0.544444,
  "extraLayers": 2,
  "extraLayersLevels": [2, 2],
  "placement": [-1, -1, -1, 52, 74, 84, 51, 50, 22, -1, -1, -1, -1, -1, -1, 53, 54, 55, 6, -1, -1, -1, -1, -1, -1, -1, -1, -1, -1, 56, 7, 35, 34, 33, 32, -1, -1, -1, -1, -1, 20, 9, 23, 24, -1, -1, 31, -1, -1, -1, -1, 0, 1, 8, 49, 42, -1, -1, 30, -1, -1, -1, 59, 60, 61, -1, 48, 43, 83, 73, 29, -1, -1, -1, 75, -1, -1, -1, 47, 46, 45, 44, 71, -1, -1, -1, 85, -1, -1, -1, -1, -1, -1, -1, 81, 25, -1, -1, 58, 57, 19, -1, -1, -1, -1, -1, 28, 27, -1, -1, -1, -1, -1, -1, -1, -1, -1, -1, -1, -1, -1, -1, -1, -1, -1, -1, -1, -1, -1, -1, -1, -1, -1, -1, -1, -1, -1, -1, -1, -1, -1, -1, -1, -1],
  "n2c": [51, 52, -1, -1, -1, -1, 18, 30, 53, 41, -1, -1, -1, -1, -1, -1, -1, -1, -1, 100, 40, -1, 8, 42, 43, 95, -1, 107, 106, 70, 58, 46, 34, 33, 32, 31, -1, -1, -1, -1, -1, -1, 55, 67, 81, 80, 79, 78, 66, 54, 7, 6, 3, 15, 16, 17, 29, 99, 98, 62, 63, 64, -1, -1, -1, -1, -1, -1, -1, -1, -1, 82, -1, 69, 4, 74, -1, -1, -1, -1, -1, 94, -1, 68, 5, 86, -1, -1, -1, -1, -1]
}
