{
  "success": 0,
  "allPlaced": 0,
  "time": 2.38867,
  "dotName": "clpl_inverted",
  "dotPath": "/home/jeronimo/Documentos/GIT/PeR/benchmarks/qca/eval/clpl_inverted.dot",
  "placer": "SA",
  "wires": 86,
  "nNodes": 26,
  "tries": 78,
  "swaps": 63,
  "wrongEdges": 48,
  "area": 169,
  "usedAreaPercentage": 0.378698,
  "extraLayers": 4,
  "extraLayersLevels": [2, 2, 1, 0],
  "placement": [-1, -1, -1, -1, -1, -1, -1, 82, 37, 94, 36, 105, 21, -1, -1, -1, -1, -1, -1, -1, 72, -1, -1, -1, -1, -1, -1, -1, -1, -1, -1, -1, -1, 38, -1, -1, -1, -1, -1, -1, -1, -1, -1, -1, -1, 6, 39, -1, -1, -1, -1, -1, -1, -1, -1, -1, -1, -1, 7, 40, -1, -1, -1, -1, -1, -1, -1, 46, 47, 48, 49, 23, 41, 0, -1, 2, -1, -1, -1, -1, 45, -1, -1, 8, 9, 20, 1, 17, 3, 14, 76, 83, 73, 44, -1, -1, -1, 59, 60, 61, -1, 66, -1, 86, 43, -1, -1, -1, -1, -1, 75, 108, 19, -1, 78, 90, 5, 95, 24, -1, -1, -1, -1, 85, 57, -1, -1, 88, 80, 91, 42, 106, -1, -1, -1, -1, 58, 97, -1, -1, 65, 4, 10, -1, -1, -1, -1, -1, -1, -1, -1, -1, -1, 99, 12, 103, -1, -1, -1, -1, -1, -1, -1, -1, -1, -1, 64, 110, 16],
  "n2c": [73, 86, 75, 88, 141, 116, 45, 58, 83, 84, 142, -1, 154, -1, 89, -1, 168, 87, -1, 112, 85, 12, -1, 71, 118, -1, -1, -1, -1, -1, -1, -1, -1, -1, -1, -1, 10, 8, 33, 46, 59, 72, 130, 104, 93, 80, 67, 68, 69, 70, -1, -1, -1, -1, -1, -1, -1, 124, 136, 97, 98, 99, -1, -1, 166, 140, 101, -1, -1, -1, -1, -1, 20, 92, -1, 110, 90, -1, 114, -1, 128, -1, 7, 91, -1, 123, 103, -1, 127, -1, 115, 129, -1, -1, 9, 117, -1, 137, -1, 153, -1, -1, -1, 155, -1, 11, 131, -1, 111, -1, 167, -1]
}
