{
  "success": 0,
  "allPlaced": 0,
  "time": 0.565594,
  "dotName": "clpl_inverted",
  "dotPath": "/home/jeronimo/Documentos/GIT/PeR/benchmarks/qca/eval/clpl_inverted.dot",
  "placer": "SA",
  "wires": 55,
  "nNodes": 26,
  "tries": 67,
  "swaps": 56,
  "wrongEdges": 24,
  "area": 110,
  "usedAreaPercentage": 0.518182,
  "extraLayers": 1,
  "extraLayersLevels": [2],
  "placement": [-1, -1, -1, 64, 16, -1, -1, -1, 4, -1, -1, -1, -1, -1, 65, 78, 66, -1, -1, 80, 11, -1, -1, -1, -1, -1, 2, 3, 14, 76, 5, 10, 12, 67, 68, 79, 69, 70, 17, 77, 13, 26, -1, -1, 18, -1, -1, -1, 0, 1, 63, 62, 15, -1, -1, -1, -1, -1, -1, -1, 20, -1, -1, -1, -1, -1, -1, -1, -1, -1, 8, 9, 6, 71, 28, 27, 25, 42, 43, -1, -1, 49, 23, 7, 29, 30, 31, -1, 24, 73, -1, -1, 48, -1, 35, 34, 33, 32, -1, -1, 44, 45, 46, 47, -1, -1, -1, -1, -1, -1, -1, -1, -1, -1, -1, -1, -1, -1, -1, -1, -1],
  "n2c": [48, 49, 26, 27, 8, 30, 72, 83, 70, 71, 31, 20, 32, 40, 28, 52, 4, 38, 44, -1, 60, -1, -1, 82, 88, 76, 41, 75, 74, 84, 85, 86, 97, 96, 95, 94, -1, -1, -1, -1, -1, -1, 77, 78, 100, 101, 102, 103, 92, 81, -1, -1, -1, -1, -1, -1, -1, -1, -1, -1, -1, -1, 51, 50, 3, 14, 16, 33, 34, 36, 37, 73, -1, 89, -1, -1, 29, 39, 15, 35, 19]
}
