{
  "success": 0,
  "time": 1.24518,
  "dotName": "clpl_inverted",
  "dotPath": "/home/jeronimo/Documentos/GIT/PeR/benchmarks/qca/eval/clpl_inverted.dot",
  "placer": "SA",
  "wires": 83,
  "nNodes": 26,
  "tries": 65,
  "swaps": 54,
  "wrongEdges": 54,
  "area": 96,
  "usedAreaPercentage": 0.572917,
  "extraLayers": 4,
  "extraLayersLevels": [3, 1, 1, 4],
  "placement": [-1, -1, -1, -1, -1, -1, -1, -1, -1, -1, -1, -1, -1, -1, -1, -1, -1, 101, 44, -1, 21, -1, -1, -1, -1, -1, -1, -1, -1, -1, 43, 73, -1, 36, -1, -1, -1, -1, -1, -1, -1, -1, -1, 83, 45, -1, 92, 82, 37, 100, 38, -1, -1, -1, -1, -1, 93, 46, -1, -1, -1, 40, 39, 72, -1, -1, -1, -1, -1, 42, 47, 48, 49, 8, 41, 0, -1, -1, -1, -1, -1, -1, 24, -1, 7, 23, 9, 20, 1, -1, -1, -1, -1, -1, -1, -1, -1, 35, 91, 56, -1, -1, -1, -1, -1, -1, -1, -1, -1, -1, 34, 81, 55, -1, -1, -1, -1, -1, -1, -1, -1, -1, -1, 33, 28, 54, -1, -1, -1, -1, -1, -1, -1, -1, -1, -1, 32, 99, 53, 74, 52, -1, -1, -1, -1, -1, -1, -1, -1, 31, 29, 84, 51, 102, -1, -1, -1, -1, -1, -1, -1, -1, 30, 71, 94, 50, 22, -1, -1],
  "n2c": [75, 88, -1, -1, -1, -1, -1, 84, 73, 86, -1, -1, -1, -1, -1, -1, -1, -1, -1, -1, 87, 20, 166, 85, 82, -1, -1, -1, 124, 150, 162, 149, 136, 123, 110, 97, 33, 48, 50, 62, 61, 74, 69, 30, 18, 44, 57, 70, 71, 72, 165, 152, 140, 138, 125, 112, 99, -1, -1, -1, -1, -1, -1, -1, -1, -1, -1, -1, -1, -1, -1, 163, 63, 31, 139, -1, -1, -1, -1, -1, -1, 111, 47, 43, 151, -1, -1, -1, -1, -1, -1, 98, 46, 56, 164, -1, -1, -1, -1, 137, 49, 17, 153, -1, -1, -1, -1, -1, -1]
}
