{
  "success": 0,
  "allPlaced": 0,
  "time": 0.402919,
  "dotName": "clpl_inverted",
  "dotPath": "/home/jeronimo/Documentos/GIT/PeR/benchmarks/qca/eval/clpl_inverted.dot",
  "placer": "SA",
  "wires": 45,
  "nNodes": 26,
  "tries": 56,
  "swaps": 41,
  "wrongEdges": 29,
  "area": 64,
  "usedAreaPercentage": 0.65625,
  "extraLayers": 0,
  "extraLayersLevels": [],
  "placement": [-1, -1, -1, -1, -1, -1, -1, -1, -1, -1, -1, -1, -1, -1, -1, -1, -1, -1, -1, -1, -1, -1, -1, -1, -1, -1, -1, -1, -1, -1, -1, -1, -1, -1, -1, -1, -1, -1, -1, 38, 39, -1, -1, -1, -1, -1, -1, -1, -1, -1, 37, 40, -1, 33, 32, -1, -1, -1, -1, 52, 53, 36, 41, 0, 34, 31, -1, -1, -1, -1, 51, 54, 21, 20, 1, 35, 30, -1, -1, -1, 22, 50, 55, 56, 9, 23, 7, 29, -1, -1, -1, -1, -1, -1, -1, 8, 49, 6, 28, -1, -1, -1, -1, -1, -1, 46, 47, 48, 25, 27, -1, -1, -1, -1, -1, -1, 45, 44, 43, 42, 24],
  "n2c": [63, 74, -1, -1, -1, -1, 97, 86, 95, 84, -1, -1, -1, -1, -1, -1, -1, -1, -1, -1, 73, 72, 80, 85, 120, 108, -1, 109, 98, 87, 76, 65, 54, 53, 64, 75, 61, 50, 39, 40, 51, 62, 119, 118, 117, 116, 105, 106, 107, 96, 81, 70, 59, 60, 71, 82, 83, -1, -1, -1, -1, -1, -1, -1, -1, -1, -1, -1, -1, -1, -1]
}
