{
  "success": 0,
  "allPlaced": 0,
  "time": 0.364717,
  "dotName": "clpl_inverted",
  "dotPath": "/home/jeronimo/Documentos/GIT/PeR/benchmarks/qca/eval/clpl_inverted.dot",
  "placer": "SA",
  "wires": 75,
  "nNodes": 26,
  "tries": 64,
  "swaps": 53,
  "wrongEdges": 47,
  "area": 130,
  "usedAreaPercentage": 0.415385,
  "extraLayers": 3,
  "extraLayersLevels": [2, 2, 1],
  "placement": [-1, -1, -1, -1, -1, -1, -1, -1, -1, -1, -1, -1, -1, -1, -1, -1, -1, -1, -1, -1, -1, -1, -1, -1, -1, -1, -1, -1, -1, -1, -1, -1, -1, -1, -1, -1, -1, -1, -1, -1, -1, -1, -1, -1, 22, -1, -1, -1, -1, -1, -1, -1, -1, -1, -1, -1, -1, 50, -1, -1, -1, -1, -1, -1, -1, -1, -1, -1, -1, -1, 96, 51, 84, -1, -1, -1, 21, -1, -1, -1, -1, -1, -1, -1, -1, 74, -1, 37, 94, 36, -1, 28, 81, 32, 33, -1, -1, -1, 52, -1, 82, -1, -1, -1, 93, 71, 31, 34, -1, 55, 54, 53, -1, 72, -1, -1, -1, 27, 29, 30, 35, -1, 56, -1, -1, -1, 38, -1, -1, -1, 25, -1, -1, 7, 23, 9, 20, 41, 40, 39, -1, 42, 24, -1, -1, -1, 6, 49, 8, 1, 0, -1, -1, -1, 95, -1, -1, -1, -1, -1, 48, 47, 46, 45, 44, 73, 83, 43, -1],
  "n2c": [150, 149, -1, -1, -1, -1, 146, 133, 148, 135, -1, -1, -1, -1, -1, -1, -1, -1, -1, -1, 136, 76, 44, 134, 142, 130, -1, 117, 91, 118, 119, 106, 93, 94, 107, 120, 89, 87, 126, 139, 138, 137, 141, 167, 164, 163, 162, 161, 160, 147, 57, 71, 98, 111, 110, 109, 122, -1, -1, -1, -1, -1, -1, -1, -1, -1, -1, -1, -1, -1, -1, 105, 113, 165, 85, -1, -1, -1, -1, -1, -1, 92, 100, 166, 72, -1, -1, -1, -1, -1, -1, -1, -1, 104, 88, 154, 70, -1, -1, -1, -1]
}
