{
  "success": 0,
  "allPlaced": 1,
  "time": 0.300265,
  "dotName": "FA_inverted",
  "dotPath": "/home/jeronimo/Documentos/GIT/PeR/benchmarks/qca/eval/FA_inverted.dot",
  "placer": "SA",
  "wires": 24,
  "nNodes": 10,
  "tries": 37,
  "swaps": 33,
  "wrongEdges": 3,
  "area": 64,
  "usedAreaPercentage": 0.53125,
  "extraLayers": 4,
  "extraLayersLevels": [0, 2, 2, 3],
  "placement": [-1, 33, 28, 4, 16, 5, -1, -1, 2, 23, -1, -1, -1, 14, -1, -1, 3, 12, -1, -1, -1, 7, 13, -1, -1, -1, 32, 22, -1, 26, 6, 15, -1, -1, 27, 8, 21, 31, -1, -1, -1, -1, 11, -1, 30, 20, 1, 0, -1, -1, 18, 9, 25, -1, 19, -1, -1, -1, -1, 17, 10, 24, 29, -1],
  "n2c": [47, 46, 8, 16, 3, 5, 30, 21, 35, 51, 60, 42, 17, 22, 13, 31, 4, 59, 50, 54, 45, 36, 27, 9, 61, 52, 29, 34, 2, 62, 44, 37, 26, 1]
}
