{
  "success": 0,
  "time": 0.447024,
  "dotName": "FA_inverted",
  "dotPath": "/home/jeronimo/Documentos/GIT/PeR/benchmarks/qca/eval/FA_inverted.dot",
  "placer": "SA",
  "wires": 15,
  "nNodes": 10,
  "tries": 29,
  "swaps": 24,
  "wrongEdges": 2,
  "area": 42,
  "usedAreaPercentage": 0.595238,
  "extraLayers": 2,
  "extraLayersLevels": [0, 0],
  "placement": [-1, -1, -1, -1, -1, -1, -1, 12, 3, 2, -1, -1, -1, -1, 4, 15, 21, -1, -1, -1, 0, 16, -1, 6, 19, 17, 10, 1, 22, -1, -1, 13, 23, -1, -1, 5, 20, 14, 7, 9, 24, -1, -1, -1, -1, 8, 11, 18, -1],
  "n2c": [20, 27, 9, 8, 14, 35, 23, 38, 45, 39, 26, 46, 7, 31, 37, 15, 21, 25, 47, 24, 36, 16, 28, 32, 40]
}
