{
  "success": 0,
  "allPlaced": 1,
  "time": 0.151903,
  "dotName": "FA_inverted",
  "dotPath": "/home/jeronimo/Documentos/GIT/PeR/benchmarks/qca/eval/FA_inverted.dot",
  "placer": "SA",
  "wires": 19,
  "nNodes": 10,
  "tries": 31,
  "swaps": 28,
  "wrongEdges": 2,
  "area": 56,
  "usedAreaPercentage": 0.517857,
  "extraLayers": 3,
  "extraLayersLevels": [0, 2, 2],
  "placement": [-1, -1, 14, 5, -1, -1, 12, -1, -1, -1, -1, 16, 4, 28, 23, -1, -1, -1, -1, -1, 15, -1, -1, -1, -1, -1, -1, -1, 6, 13, -1, -1, 2, 3, 8, 21, 26, 7, -1, -1, 11, 27, 22, -1, 0, 24, -1, -1, 18, 9, -1, -1, 1, 19, -1, -1, -1, 17, 10, 25, 20, -1, -1, -1],
  "n2c": [44, 52, 32, 33, 12, 3, 28, 37, 34, 49, 58, 40, 6, 29, 2, 20, 11, 57, 48, 53, 60, 35, 42, 14, 45, 59, 36, 41, 13]
}
