{
  "success": 0,
  "time": 0.776906,
  "dotName": "FA_inverted",
  "dotPath": "/home/jeronimo/Documentos/GIT/PeR/benchmarks/qca/eval/FA_inverted.dot",
  "placer": "SA",
  "wires": 24,
  "nNodes": 10,
  "tries": 41,
  "swaps": 33,
  "wrongEdges": 3,
  "area": 64,
  "usedAreaPercentage": 0.53125,
  "extraLayers": 4,
  "extraLayersLevels": [0, 0, 1, 5],
  "placement": [-1, 27, 21, -1, 0, -1, -1, -1, 33, 15, 6, 19, 31, -1, -1, -1, 12, 4, 16, 25, 1, 10, 17, -1, -1, -1, 28, 13, 7, -1, 29, -1, -1, -1, 22, 2, 3, -1, 23, -1, -1, -1, 5, 20, 32, -1, 9, 24, -1, -1, -1, 26, 8, 11, 18, 30, -1, -1, -1, 14, -1, -1, -1, -1],
  "n2c": [4, 20, 35, 36, 17, 42, 10, 28, 52, 46, 21, 53, 16, 27, 59, 9, 18, 22, 54, 11, 43, 2, 34, 38, 47, 19, 51, 1, 26, 30, 55, 12, 44, 8]
}
