{
  "success": 0,
  "allPlaced": 1,
  "time": 0.196148,
  "dotName": "FA_inverted",
  "dotPath": "/home/jeronimo/Documentos/GIT/PeR/benchmarks/qca/eval/FA_inverted.dot",
  "placer": "SA",
  "wires": 14,
  "nNodes": 10,
  "tries": 31,
  "swaps": 23,
  "wrongEdges": 3,
  "area": 42,
  "usedAreaPercentage": 0.571429,
  "extraLayers": 2,
  "extraLayersLevels": [0, 2],
  "placement": [-1, 0, 1, 19, 2, 3, 12, -1, -1, 20, 9, 18, 11, 23, -1, -1, 10, 17, 8, 22, 4, -1, -1, -1, -1, 21, 5, 16, -1, -1, -1, -1, 7, 14, -1, -1, -1, -1, -1, 13, -1, -1, -1, -1, -1, 15, 6, -1, -1],
  "n2c": [1, 2, 4, 5, 20, 26, 46, 32, 18, 10, 16, 12, 6, 39, 33, 45, 27, 17, 11, 3, 9, 25, 19, 13]
}
