{
  "success": 0,
  "time": 0.700449,
  "dotName": "FA_inverted",
  "dotPath": "/home/jeronimo/Documentos/GIT/PeR/benchmarks/qca/eval/FA_inverted.dot",
  "placer": "SA",
  "wires": 21,
  "nNodes": 10,
  "tries": 35,
  "swaps": 30,
  "wrongEdges": 2,
  "area": 56,
  "usedAreaPercentage": 0.553571,
  "extraLayers": 3,
  "extraLayersLevels": [0, 0, 1],
  "placement": [-1, 26, 20, 5, -1, 30, 24, 9, -1, 14, -1, 22, -1, 18, 11, 23, -1, -1, -1, 28, -1, -1, 2, 29, -1, -1, -1, 16, 4, 12, 3, 17, -1, -1, -1, -1, 15, -1, 8, 10, -1, -1, -1, -1, 27, -1, 7, 1, -1, -1, -1, -1, 21, -1, 13, 0, -1, -1, -1, -1, 6, 19, 25, -1],
  "n2c": [55, 47, 22, 30, 28, 3, 60, 46, 38, 7, 39, 14, 29, 54, 9, 36, 27, 31, 13, 61, 2, 52, 11, 15, 6, 62, 1, 44, 19, 23, 5]
}
