{
  "success": 0,
  "time": 0.586376,
  "dotName": "FS_inverted",
  "dotPath": "/home/jeronimo/Documentos/GIT/PeR/benchmarks/qca/eval/FS_inverted.dot",
  "placer": "SA",
  "wires": 15,
  "nNodes": 12,
  "tries": 31,
  "swaps": 26,
  "wrongEdges": 3,
  "area": 56,
  "usedAreaPercentage": 0.482143,
  "extraLayers": 3,
  "extraLayersLevels": [2, 4, 2],
  "placement": [-1, -1, -1, -1, -1, -1, -1, -1, -1, -1, -1, -1, -1, -1, 9, 26, -1, -1, 13, 11, -1, -1, 12, 20, -1, -1, -1, 14, 15, 25, 8, 16, -1, -1, -1, -1, -1, 19, -1, 21, 17, 0, 6, 24, 18, 10, 22, 3, 23, 1, 7, -1, -1, -1, -1, 2, -1, -1, 5, 4, -1, -1, -1, -1],
  "n2c": [41, 49, 55, 47, 59, 58, 42, 50, 30, 14, 45, 19, 22, 18, 27, 28, 31, 40, 44, 37, 23, 39, 46, 48, 43, 29, 15]
}
