{
  "success": 0,
  "allPlaced": 1,
  "time": 0.17847,
  "dotName": "FS_inverted",
  "dotPath": "/home/jeronimo/Documentos/GIT/PeR/benchmarks/qca/eval/FS_inverted.dot",
  "placer": "SA",
  "wires": 11,
  "nNodes": 12,
  "tries": 26,
  "swaps": 22,
  "wrongEdges": 1,
  "area": 35,
  "usedAreaPercentage": 0.657143,
  "extraLayers": 2,
  "extraLayersLevels": [2, 4],
  "placement": [-1, -1, -1, 22, 10, 19, 15, -1, -1, 21, 3, 18, 11, 14, -1, -1, 16, 2, 6, 13, 0, -1, -1, 20, 8, 7, 1, 17, -1, -1, 9, 12, -1, -1, -1, -1, -1, 4, -1, -1, -1, -1, -1, -1, 5, -1, -1, -1, -1],
  "n2c": [20, 26, 17, 10, 37, 44, 18, 25, 24, 30, 4, 12, 31, 19, 13, 6, 16, 27, 11, 5, 23, 9, 3]
}
