{
  "success": 0,
  "allPlaced": 1,
  "time": 0.168147,
  "dotName": "FS_inverted",
  "dotPath": "/home/jeronimo/Documentos/GIT/PeR/benchmarks/qca/eval/FS_inverted.dot",
  "placer": "SA",
  "wires": 13,
  "nNodes": 12,
  "tries": 29,
  "swaps": 24,
  "wrongEdges": 3,
  "area": 36,
  "usedAreaPercentage": 0.694444,
  "extraLayers": 3,
  "extraLayersLevels": [2, 4, 4],
  "placement": [-1, -1, -1, -1, -1, -1, -1, -1, 5, 7, 6, 17, 0, -1, -1, 4, 10, 18, 1, -1, -1, 12, 9, 19, 11, 13, -1, -1, 8, 20, 15, 14, -1, -1, -1, -1, 16, 23, 21, -1, -1, -1, -1, -1, 2, 3, 22, 24, -1],
  "n2c": [12, 18, 44, 45, 15, 8, 10, 9, 28, 22, 16, 24, 21, 25, 31, 30, 36, 11, 17, 23, 29, 38, 46, 37, 47]
}
