{
  "success": 0,
  "allPlaced": 1,
  "time": 0.14263,
  "dotName": "FS_inverted",
  "dotPath": "/home/jeronimo/Documentos/GIT/PeR/benchmarks/qca/eval/FS_inverted.dot",
  "placer": "SA",
  "wires": 17,
  "nNodes": 12,
  "tries": 33,
  "swaps": 28,
  "wrongEdges": 2,
  "area": 64,
  "usedAreaPercentage": 0.453125,
  "extraLayers": 4,
  "extraLayersLevels": [2, 4, 4, 2],
  "placement": [-1, 15, 14, -1, -1, -1, -1, -1, -1, 27, 11, 13, 1, 25, 17, 0, -1, 19, -1, -1, 2, -1, -1, -1, 18, 10, 24, 22, 3, -1, -1, -1, 26, 6, 7, 5, 21, 23, 16, -1, -1, -1, -1, 4, 9, 28, 20, -1, -1, -1, -1, -1, 12, -1, -1, -1, -1, -1, -1, -1, 8, -1, -1, -1],
  "n2c": [15, 12, 20, 28, 43, 35, 33, 34, 60, 44, 25, 10, 52, 11, 2, 1, 38, 14, 24, 17, 46, 36, 27, 37, 26, 13, 32, 9, 45]
}
