{
  "success": 0,
  "time": 0.743807,
  "dotName": "FS_inverted",
  "dotPath": "/home/jeronimo/Documentos/GIT/PeR/benchmarks/qca/eval/FS_inverted.dot",
  "placer": "SA",
  "wires": 21,
  "nNodes": 12,
  "tries": 36,
  "swaps": 32,
  "wrongEdges": 2,
  "area": 64,
  "usedAreaPercentage": 0.515625,
  "extraLayers": 4,
  "extraLayersLevels": [2, 4, 2, 0],
  "placement": [-1, 4, 27, -1, -1, -1, -1, -1, -1, -1, 5, 29, -1, -1, -1, -1, -1, -1, -1, 7, 28, 8, -1, -1, -1, -1, -1, 6, -1, 30, 12, 9, -1, 0, 17, 24, -1, -1, -1, 26, 13, 1, 23, 18, 10, 22, -1, 20, 31, 11, -1, -1, 19, 3, 21, 16, -1, 32, 14, 15, 25, 2, -1, -1],
  "n2c": [33, 41, 61, 53, 1, 10, 27, 19, 21, 31, 44, 49, 30, 40, 58, 59, 55, 34, 43, 52, 47, 54, 45, 42, 35, 60, 39, 2, 20, 11, 29, 48, 57]
}
