{
  "success": 0,
  "time": 0.34408,
  "dotName": "FS_inverted",
  "dotPath": "/home/jeronimo/Documentos/GIT/PeR/benchmarks/qca/eval/FS_inverted.dot",
  "placer": "SA",
  "wires": 11,
  "nNodes": 12,
  "tries": 27,
  "swaps": 22,
  "wrongEdges": 1,
  "area": 35,
  "usedAreaPercentage": 0.657143,
  "extraLayers": 2,
  "extraLayersLevels": [2, 4],
  "placement": [-1, -1, -1, -1, -1, -1, -1, 8, 12, 9, 20, 16, 21, -1, -1, -1, 4, 5, 2, 3, 22, -1, -1, -1, 7, 6, 18, 10, -1, -1, -1, 1, 13, 11, 19, -1, -1, -1, 17, 0, 14, 15, -1, -1, -1, -1, -1, -1, -1],
  "n2c": [39, 31, 18, 19, 16, 17, 25, 24, 7, 9, 27, 33, 8, 32, 40, 41, 11, 38, 26, 34, 10, 12, 20]
}
