{
  "success": 0,
  "time": 1.12766,
  "dotName": "mux41_inverted",
  "dotPath": "/home/jeronimo/Documentos/GIT/PeR/benchmarks/qca/eval/mux41_inverted.dot",
  "placer": "SA",
  "wires": 51,
  "nNodes": 19,
  "tries": 64,
  "swaps": 47,
  "wrongEdges": 26,
  "area": 70,
  "usedAreaPercentage": 0.685714,
  "extraLayers": 2,
  "extraLayersLevels": [0, 4],
  "placement": [-1, -1, -1, -1, -1, -1, -1, 48, 47, 46, 61, -1, -1, -1, -1, -1, -1, -1, 68, 49, 50, 15, -1, -1, -1, -1, -1, -1, -1, -1, -1, 14, -1, -1, -1, -1, -1, 32, 66, 33, 34, 35, 7, -1, -1, -1, -1, -1, 16, 20, -1, -1, -1, 6, 45, -1, -1, -1, -1, 38, 19, 2, 64, 42, 43, 44, -1, -1, -1, -1, 58, 11, 18, -1, 67, 53, 52, -1, -1, -1, -1, 17, 63, 22, 21, 41, 69, 51, -1, -1, -1, -1, -1, 23, -1, 9, 55, 54, 62, -1, -1, -1, -1, -1, 24, 25, 13, -1, -1, 10, -1, -1, -1, -1, -1, -1, -1, -1, -1, -1, -1],
  "n2c": [-1, -1, 61, -1, -1, -1, 53, 42, -1, 95, 109, 71, -1, 106, 31, 21, 48, 81, 72, 60, 49, 84, 83, 93, 104, 105, -1, -1, -1, -1, -1, -1, 37, 39, 40, 41, -1, -1, 59, -1, -1, 85, 63, 64, 65, 54, 9, 8, 7, 19, 20, 87, 76, 75, 97, 96, -1, -1, 70, -1, -1, 10, 98, 82, 62, -1, 38, 74, 18, 86]
}
