{
  "success": 0,
  "time": 1.05333,
  "dotName": "mux41_inverted",
  "dotPath": "/home/jeronimo/Documentos/GIT/PeR/benchmarks/qca/eval/mux41_inverted.dot",
  "placer": "SA",
  "wires": 44,
  "nNodes": 19,
  "tries": 59,
  "swaps": 46,
  "wrongEdges": 20,
  "area": 81,
  "usedAreaPercentage": 0.580247,
  "extraLayers": 1,
  "extraLayersLevels": [0],
  "placement": [-1, -1, -1, -1, -1, 30, 29, 28, 27, -1, -1, -1, -1, -1, -1, 31, 60, 4, 26, 12, -1, -1, -1, -1, -1, 8, 13, 25, 24, 57, -1, -1, -1, -1, -1, 21, 9, 3, 23, 36, -1, 0, 1, 6, 7, 14, 55, 56, 11, 37, -1, -1, -1, -1, 52, 53, 54, 20, 19, 2, -1, -1, -1, -1, 51, -1, -1, 16, 38, 22, -1, -1, -1, 10, 62, -1, 35, 32, 58, 18, -1, -1, -1, -1, -1, -1, 34, 33, 17, -1, -1, -1, -1, -1, -1, -1, -1, -1, -1, -1],
  "n2c": [41, 42, 59, 37, 17, -1, 43, 44, 25, 36, 73, 48, 19, 26, 45, -1, 67, 88, 79, 58, 57, 35, 69, 38, 28, 27, 18, 8, 7, 6, 5, 15, 77, 87, 86, 76, 39, 49, 68, -1, -1, -1, -1, -1, -1, -1, -1, -1, -1, -1, -1, 64, 54, 55, 56, 46, 47, 29, 78, -1, 16, -1, 74]
}
