{
  "success": 0,
  "allPlaced": 0,
  "time": 0.453926,
  "dotName": "mux41_inverted",
  "dotPath": "/home/jeronimo/Documentos/GIT/PeR/benchmarks/qca/eval/mux41_inverted.dot",
  "placer": "SA",
  "wires": 59,
  "nNodes": 19,
  "tries": 65,
  "swaps": 51,
  "wrongEdges": 30,
  "area": 99,
  "usedAreaPercentage": 0.525253,
  "extraLayers": 3,
  "extraLayersLevels": [5, 3, 0],
  "placement": [-1, -1, -1, -1, -1, -1, -1, -1, -1, -1, -1, -1, -1, -1, -1, -1, -1, -1, -1, -1, -1, -1, -1, -1, -1, 34, 33, 67, 32, -1, -1, -1, -1, -1, -1, -1, 58, 65, 20, 16, 17, -1, -1, -1, -1, -1, -1, 35, 2, 19, 38, 73, -1, -1, -1, -1, 60, 14, 7, 6, 11, 64, 23, 24, 56, -1, -1, -1, 61, -1, 45, 44, 59, 43, 13, 25, -1, 69, 49, 50, -1, -1, -1, 55, 62, 9, 22, 18, 48, -1, -1, -1, -1, -1, 54, -1, 63, 21, -1, 47, -1, -1, -1, 52, 53, 70, -1, -1, -1, -1, 46, 76, 15, -1, 51, 77, 10, -1, -1, -1, -1],
  "n2c": [-1, -1, 48, -1, -1, -1, 59, 58, -1, 85, 116, 60, -1, 74, 57, 112, 39, 40, 87, 49, 38, 97, 86, 62, 63, 75, -1, -1, -1, -1, -1, -1, 28, 26, 25, 47, -1, -1, 50, -1, -1, -1, -1, 73, 71, 70, 110, 99, 88, 78, 79, 114, 103, 104, 94, 83, 64, -1, 36, 72, 56, 68, 84, 96, 61, 37, -1, 27, -1, 77, 105, -1, -1, 51, -1, -1, 111, 115]
}
