{
  "success": 0,
  "time": 1.26433,
  "dotName": "mux41_inverted",
  "dotPath": "/home/jeronimo/Documentos/GIT/PeR/benchmarks/qca/eval/mux41_inverted.dot",
  "placer": "SA",
  "wires": 37,
  "nNodes": 19,
  "tries": 71,
  "swaps": 55,
  "wrongEdges": 4,
  "area": 90,
  "usedAreaPercentage": 0.622222,
  "extraLayers": 0,
  "extraLayersLevels": [],
  "placement": [-1, -1, -1, -1, -1, -1, -1, -1, -1, -1, -1, -1, -1, -1, -1, -1, -1, -1, 12, 36, -1, -1, -1, -1, -1, -1, -1, -1, 2, 37, -1, -1, -1, -1, -1, -1, 17, 38, 19, 11, -1, -1, -1, 35, 34, 33, 32, 16, 20, 23, 49, 50, 14, 7, 28, 29, 30, 31, 3, 24, 48, -1, 21, 22, 27, 26, 4, 8, 13, 25, 47, -1, -1, 18, -1, -1, 5, 39, 9, -1, 46, 6, 45, 44, 43, 42, 41, 40, 55, -1, 15, 1, 0, -1, 10, 51, 52, 53, 54, -1],
  "n2c": [92, 91, 28, 58, 66, 76, 81, 53, 67, 78, 94, 39, 18, 68, 52, 90, 47, 36, 73, 38, 48, 62, 63, 49, 59, 69, 65, 64, 54, 55, 56, 57, 46, 45, 44, 43, 19, 29, 37, 77, 87, 86, 85, 84, 83, 82, 80, 70, 60, 50, 51, 95, 96, 97, 98, 88]
}
