{
  "success": 0,
  "time": 1.20124,
  "dotName": "mux41_inverted",
  "dotPath": "/home/jeronimo/Documentos/GIT/PeR/benchmarks/qca/eval/mux41_inverted.dot",
  "placer": "SA",
  "wires": 66,
  "nNodes": 19,
  "tries": 62,
  "swaps": 52,
  "wrongEdges": 36,
  "area": 120,
  "usedAreaPercentage": 0.441667,
  "extraLayers": 4,
  "extraLayersLevels": [0, 4, 7, 5],
  "placement": [-1, -1, -1, -1, -1, -1, -1, 47, 46, 61, 15, -1, -1, -1, -1, -1, -1, -1, -1, 48, 68, 83, -1, -1, -1, -1, -1, -1, -1, -1, -1, -1, 6, 49, -1, -1, -1, -1, -1, -1, 33, 34, 72, 35, 7, 50, -1, -1, -1, -1, -1, -1, 81, 66, 32, -1, 14, 75, -1, -1, -1, -1, -1, -1, -1, 20, 16, 17, 74, -1, -1, -1, -1, 23, 78, 63, 11, 19, 38, 58, -1, 52, 51, -1, -1, 24, 70, 25, -1, 2, 64, 79, -1, 53, 62, -1, -1, -1, -1, 13, 9, 76, 55, 54, 84, 69, 10, -1, -1, -1, -1, -1, 77, -1, -1, -1, -1, -1, -1, -1, -1, -1, -1, -1, 21, -1, -1, -1, -1, -1, -1, -1, -1, -1, -1, -1, 22, 18, -1, -1, -1, -1, -1, -1],
  "n2c": [-1, -1, 89, -1, -1, -1, 32, 44, -1, 100, 106, 76, -1, 99, 56, 10, 66, 67, 137, 77, 65, 124, 136, 73, 85, 87, -1, -1, -1, -1, -1, -1, 54, 40, 41, 43, -1, -1, 78, -1, -1, -1, -1, -1, -1, -1, 8, 7, 19, 33, 45, 82, 81, 93, 103, 102, -1, -1, 79, -1, -1, 9, 94, 75, 90, -1, 53, -1, 20, 105, 86, -1, 42, -1, 68, 57, 101, 112, 74, 91, -1, 52, -1, 21, 104]
}
