{
  "success": 0,
  "allPlaced": 0,
  "time": 0.28106,
  "dotName": "mux41_inverted",
  "dotPath": "/home/jeronimo/Documentos/GIT/PeR/benchmarks/qca/eval/mux41_inverted.dot",
  "placer": "SA",
  "wires": 52,
  "nNodes": 19,
  "tries": 63,
  "swaps": 49,
  "wrongEdges": 25,
  "area": 121,
  "usedAreaPercentage": 0.413223,
  "extraLayers": 2,
  "extraLayersLevels": [5, 3],
  "placement": [-1, -1, -1, 58, 34, 49, 69, 48, 47, -1, -1, -1, -1, -1, 35, 33, 50, -1, -1, 46, -1, -1, -1, -1, -1, 7, 14, 61, -1, -1, 15, -1, -1, 53, 70, -1, 21, 60, -1, -1, -1, -1, -1, -1, 52, 54, -1, 63, -1, -1, -1, -1, -1, -1, -1, 51, 55, 62, 9, -1, -1, -1, -1, -1, -1, -1, 10, -1, 8, 13, -1, -1, -1, -1, -1, -1, -1, -1, -1, 31, -1, -1, -1, -1, -1, -1, -1, -1, -1, -1, 30, -1, -1, 45, 44, 59, 43, 42, 68, -1, -1, 57, -1, -1, 6, 1, 0, 39, 40, 41, -1, -1, 29, 28, 66, 27, 26, 4, 5, -1, -1],
  "n2c": [106, 105, -1, -1, 117, 118, 104, 25, 68, 58, 66, -1, -1, 69, 26, 30, -1, -1, -1, -1, -1, 36, -1, -1, -1, -1, 116, 115, 113, 112, 90, 79, -1, 15, 4, 14, -1, -1, -1, 107, 108, 109, 97, 96, 94, 93, 19, 8, 7, 5, 16, 55, 44, 33, 45, 56, -1, 101, 3, 95, 37, 27, 57, 47, -1, -1, 114, -1, 98, 6, 34]
}
