{
  "success": 0,
  "allPlaced": 0,
  "time": 0.357401,
  "dotName": "mux41_inverted",
  "dotPath": "/home/jeronimo/Documentos/GIT/PeR/benchmarks/qca/eval/mux41_inverted.dot",
  "placer": "SA",
  "wires": 37,
  "nNodes": 19,
  "tries": 58,
  "swaps": 45,
  "wrongEdges": 14,
  "area": 90,
  "usedAreaPercentage": 0.511111,
  "extraLayers": 0,
  "extraLayersLevels": [],
  "placement": [-1, -1, -1, -1, 18, -1, -1, 35, 34, -1, -1, -1, -1, -1, 22, 21, 14, 7, 33, -1, -1, -1, -1, -1, 2, 19, 50, 3, 32, -1, -1, -1, -1, -1, -1, 11, 49, 20, 16, -1, -1, -1, -1, -1, -1, 23, 48, -1, 38, 17, -1, -1, -1, -1, -1, 24, 47, -1, -1, -1, -1, 44, 43, 42, 41, 25, 46, 15, -1, -1, -1, 45, -1, -1, 40, 13, 8, -1, -1, -1, -1, 6, -1, -1, 39, 5, 31, 30, 29, -1, -1, 1, 0, -1, -1, 4, 26, 27, 28, -1],
  "n2c": [92, 91, 24, 27, 95, 85, 81, 17, 76, -1, -1, 35, -1, 75, 16, 67, 38, 49, 4, 25, 37, 15, 14, 45, 55, 65, 96, 97, 98, 88, 87, 86, 28, 18, 8, 7, -1, -1, 48, 84, 74, 64, 63, 62, 61, 71, 66, 56, 46, 36, 26, -1, -1, -1, -1, -1]
}
