{
  "success": 0,
  "allPlaced": 0,
  "time": 0.338101,
  "dotName": "mux41_inverted",
  "dotPath": "/home/jeronimo/Documentos/GIT/PeR/benchmarks/qca/eval/mux41_inverted.dot",
  "placer": "SA",
  "wires": 67,
  "nNodes": 19,
  "tries": 75,
  "swaps": 61,
  "wrongEdges": 28,
  "area": 108,
  "usedAreaPercentage": 0.574074,
  "extraLayers": 4,
  "extraLayersLevels": [5, 3, 0, 6],
  "placement": [-1, -1, -1, 50, 84, 49, 69, 53, 52, 51, 77, 10, -1, -1, -1, 61, -1, -1, 48, 70, 54, 85, 18, -1, -1, -1, -1, 14, 60, -1, 47, 46, 76, 55, 80, 22, -1, -1, 35, 7, 6, -1, -1, -1, 15, 62, -1, 79, -1, -1, 58, 41, 45, 44, 59, -1, -1, 9, 63, 21, 33, 82, 34, 68, 42, 83, 43, -1, 25, 13, -1, -1, 67, 32, 16, 20, -1, -1, -1, -1, 56, -1, -1, -1, 17, 73, 38, 19, 11, 64, 23, 78, 24, -1, -1, -1, -1, -1, 65, 2, -1, -1, -1, -1, -1, -1, -1, -1, -1, -1, -1, -1, -1, -1, -1, -1, -1, -1, -1, -1, -1, -1, -1, -1, -1, -1, -1, -1, -1, -1, -1, -1, -1, -1, -1, -1, -1, -1, -1, -1, -1, -1, -1, -1],
  "n2c": [-1, -1, 99, -1, -1, -1, 40, 39, -1, 57, 11, 88, -1, 69, 27, 44, 74, 84, 22, 87, 75, 59, 35, 90, 92, 68, -1, -1, -1, -1, -1, -1, 73, 60, 62, 38, -1, -1, 86, -1, -1, 51, 64, 66, 53, 52, 31, 30, 18, 5, 3, 9, 8, 7, 20, 33, 80, -1, 50, 54, 28, 15, 45, 58, 89, 98, -1, 72, 63, 6, 19, -1, -1, 85, -1, -1, 32, 10, 91, 47, 34, -1, 61, 65, 4, 21]
}
