{
  "success": 0,
  "allPlaced": 0,
  "time": 0.165816,
  "dotName": "newtag_inverted",
  "dotPath": "/home/jeronimo/Documentos/GIT/PeR/benchmarks/qca/eval/newtag_inverted.dot",
  "placer": "SA",
  "wires": 8,
  "nNodes": 24,
  "tries": 37,
  "swaps": 29,
  "wrongEdges": 3,
  "area": 56,
  "usedAreaPercentage": 0.535714,
  "extraLayers": 1,
  "extraLayersLevels": [7],
  "placement": [-1, -1, -1, -1, -1, 6, 7, -1, -1, -1, -1, -1, 26, 20, -1, -1, -1, -1, -1, -1, 21, 11, 25, -1, 31, 5, -1, -1, -1, 10, 8, -1, 16, 4, -1, -1, -1, 24, 9, -1, 2, 15, 14, 17, 18, 1, 0, -1, 3, -1, 12, 13, 30, -1, -1, -1, -1, 19, 27, 28, 29, -1, -1, -1],
  "n2c": [46, 45, 40, 48, 33, 25, 5, 6, 30, 38, 29, 21, 50, 51, 42, 41, 32, 43, 44, 57, 13, 20, -1, -1, 37, 22, 12, 58, 59, 60, 52, 24]
}
