{
  "success": 0,
  "allPlaced": 0,
  "time": 0.205143,
  "dotName": "newtag_inverted",
  "dotPath": "/home/jeronimo/Documentos/GIT/PeR/benchmarks/qca/eval/newtag_inverted.dot",
  "placer": "SA",
  "wires": 12,
  "nNodes": 24,
  "tries": 46,
  "swaps": 32,
  "wrongEdges": 4,
  "area": 56,
  "usedAreaPercentage": 0.589286,
  "extraLayers": 3,
  "extraLayersLevels": [7, 7, 3],
  "placement": [-1, -1, -1, -1, -1, -1, -1, -1, -1, -1, -1, -1, -1, 23, -1, -1, -1, 6, 7, -1, -1, 13, 22, -1, 26, 20, 11, 35, -1, 12, -1, 5, 21, -1, 25, 10, 0, 14, 15, 4, -1, -1, 8, 24, 1, 33, 2, 16, -1, -1, 9, 29, 18, 17, 3, 31, -1, -1, -1, 32, 30, -1, -1, 34],
  "n2c": [36, 44, 46, 54, 39, 31, 17, 18, 42, 50, 35, 26, 29, 21, 37, 38, 47, 53, 52, -1, 25, 32, 22, 13, 43, 34, 24, -1, -1, 51, 60, 55, 59, 45, 63, 27]
}
