{
  "success": 0,
  "time": 0.701286,
  "dotName": "newtag_inverted",
  "dotPath": "/home/jeronimo/Documentos/GIT/PeR/benchmarks/qca/eval/newtag_inverted.dot",
  "placer": "SA",
  "wires": 10,
  "nNodes": 24,
  "tries": 38,
  "swaps": 28,
  "wrongEdges": 6,
  "area": 56,
  "usedAreaPercentage": 0.517857,
  "extraLayers": 2,
  "extraLayersLevels": [5, 8],
  "placement": [-1, -1, -1, -1, -1, -1, -1, -1, 5, 4, 16, 31, -1, -1, -1, -1, -1, 15, 2, 3, -1, 32, 24, 9, 12, 14, 17, 18, 33, 1, 10, 8, 13, 23, -1, -1, -1, 0, 11, 25, 22, -1, -1, -1, 21, 26, 20, -1, -1, -1, -1, -1, -1, -1, 6, -1, -1, -1, -1, -1, -1, -1, 7, -1],
  "n2c": [37, 29, 18, 19, 9, 8, 54, 62, 31, 23, 30, 38, 24, 32, 25, 17, 10, 26, 27, -1, 46, 44, 40, 33, 22, 39, 45, -1, -1, -1, -1, 11, 21, 28]
}
