{
  "success": 0,
  "allPlaced": 1,
  "time": 0.226221,
  "dotName": "newtag_inverted",
  "dotPath": "/home/jeronimo/Documentos/GIT/PeR/benchmarks/qca/eval/newtag_inverted.dot",
  "placer": "SA",
  "wires": 20,
  "nNodes": 24,
  "tries": 52,
  "swaps": 43,
  "wrongEdges": 1,
  "area": 72,
  "usedAreaPercentage": 0.611111,
  "extraLayers": 4,
  "extraLayersLevels": [7, 7, 3, 0],
  "placement": [-1, 8, 43, 9, -1, -1, -1, -1, -1, -1, 25, 21, 38, -1, -1, -1, -1, -1, -1, 11, 20, 26, -1, -1, -1, -1, -1, -1, 35, 6, -1, 31, 34, -1, -1, -1, -1, 10, 42, 3, 16, 4, 40, -1, -1, -1, 24, 7, 41, 2, 15, 5, -1, -1, 0, 1, 18, 17, 33, 14, 12, -1, -1, 29, 32, 30, -1, 23, 36, 13, -1, -1, 28, 27, 39, 19, -1, -1, 37, 22, -1],
  "n2c": [54, 55, 49, 39, 41, 51, 29, 47, 1, 3, 37, 19, 60, 69, 59, 50, 40, 57, 56, 75, 20, 11, 79, 67, 46, 10, 21, 73, 72, 63, 65, 31, 64, 58, 32, 28, 68, 78, 12, 74, 42, 48, 38, 2]
}
