{
  "success": 0,
  "time": 0.683578,
  "dotName": "newtag_inverted",
  "dotPath": "/home/jeronimo/Documentos/GIT/PeR/benchmarks/qca/eval/newtag_inverted.dot",
  "placer": "SA",
  "wires": 8,
  "nNodes": 24,
  "tries": 38,
  "swaps": 31,
  "wrongEdges": 1,
  "area": 56,
  "usedAreaPercentage": 0.571429,
  "extraLayers": 0,
  "extraLayersLevels": [],
  "placement": [-1, -1, -1, -1, 14, 12, 13, 23, -1, -1, 3, 2, 15, -1, 22, -1, -1, 17, 31, 16, 4, 21, -1, -1, 30, 18, 1, 0, 5, 26, -1, -1, 29, -1, 24, 10, 11, 20, 6, -1, 28, -1, 9, 8, 25, -1, 7, -1, 27, 19, -1, -1, -1, -1, -1, -1, -1, -1, -1, -1, -1, -1, -1, -1],
  "n2c": [27, 26, 11, 10, 20, 28, 38, 46, 43, 42, 35, 36, 5, 6, 4, 12, 19, 17, 25, 49, 37, 21, 14, 7, 34, 44, 29, 48, 40, 32, 24, 18]
}
