{
  "success": 0,
  "allPlaced": 0,
  "time": 0.241026,
  "dotName": "newtag_inverted",
  "dotPath": "/home/jeronimo/Documentos/GIT/PeR/benchmarks/qca/eval/newtag_inverted.dot",
  "placer": "SA",
  "wires": 8,
  "nNodes": 24,
  "tries": 39,
  "swaps": 29,
  "wrongEdges": 3,
  "area": 49,
  "usedAreaPercentage": 0.612245,
  "extraLayers": 2,
  "extraLayersLevels": [7, 7],
  "placement": [-1, 29, 28, 27, 19, -1, -1, -1, 0, 30, -1, -1, -1, -1, -1, -1, 1, 18, 17, 31, 16, 2, 3, -1, 24, 25, -1, 7, 4, 15, 14, -1, 10, 11, 20, 6, 5, -1, 12, -1, -1, 21, 26, -1, -1, 22, 13, -1, -1, -1, -1, -1, -1, -1, 23, -1, -1, -1, -1, -1, -1, -1, -1, -1],
  "n2c": [8, 16, 21, 22, 28, 36, 35, 27, -1, -1, 32, 33, 38, 46, 30, 29, 20, 18, 17, 4, 34, 41, 45, 54, 24, 25, 42, 3, 2, 1, 9, 19]
}
