{
  "success": 0,
  "time": 0.646079,
  "dotName": "newtag_inverted",
  "dotPath": "/home/jeronimo/Documentos/GIT/PeR/benchmarks/qca/eval/newtag_inverted.dot",
  "placer": "SA",
  "wires": 10,
  "nNodes": 24,
  "tries": 36,
  "swaps": 27,
  "wrongEdges": 7,
  "area": 48,
  "usedAreaPercentage": 0.583333,
  "extraLayers": 1,
  "extraLayersLevels": [5],
  "placement": [-1, -1, -1, 10, 11, 25, 8, 22, -1, -1, -1, 24, -1, -1, 23, 13, -1, 0, 1, 32, -1, -1, -1, 12, 19, 27, 33, -1, 5, 4, 15, 14, -1, 28, 18, 17, 31, 16, 2, 3, -1, 29, 30, -1, -1, -1, -1, -1, -1, -1, -1, -1, -1, -1, -1, -1, -1, -1, -1, -1, -1, -1, -1, -1],
  "n2c": [17, 18, 38, 39, 29, 28, -1, -1, 6, -1, 3, 4, 23, 15, 31, 30, 37, 35, 34, 24, -1, -1, 7, 14, 11, 5, -1, 25, 33, 41, 42, 36, 19, 26]
}
