{
  "success": 0,
  "time": 0.717813,
  "dotName": "newtag_inverted",
  "dotPath": "/home/jeronimo/Documentos/GIT/PeR/benchmarks/qca/eval/newtag_inverted.dot",
  "placer": "SA",
  "wires": 12,
  "nNodes": 24,
  "tries": 40,
  "swaps": 30,
  "wrongEdges": 7,
  "area": 56,
  "usedAreaPercentage": 0.553571,
  "extraLayers": 4,
  "extraLayersLevels": [5, 8, 7, 7],
  "placement": [-1, 23, -1, 15, 4, 30, 29, -1, 22, 13, 12, 14, 17, 18, 28, -1, -1, 0, 34, 35, 1, 33, 27, -1, -1, -1, 9, 8, 32, -1, 19, -1, -1, 7, -1, 25, 24, -1, -1, -1, -1, 6, 20, 11, 10, -1, -1, -1, -1, -1, 26, -1, -1, -1, -1, -1, -1, -1, 21, -1, -1, -1, -1, -1],
  "n2c": [17, 20, -1, -1, 4, -1, 41, 33, 27, 26, 44, 43, 10, 9, 11, 3, -1, 12, 13, 30, 42, 58, 8, 1, 36, 35, 50, 22, 14, 6, 5, -1, 28, 21, 18, 19]
}
