{
  "success": 0,
  "time": 1.02862,
  "dotName": "par_check_inverted",
  "dotPath": "/home/jeronimo/Documentos/GIT/PeR/benchmarks/qca/eval/par_check_inverted.dot",
  "placer": "SA",
  "wires": 28,
  "nNodes": 20,
  "tries": 56,
  "swaps": 44,
  "wrongEdges": 9,
  "area": 81,
  "usedAreaPercentage": 0.555556,
  "extraLayers": 2,
  "extraLayersLevels": [2, 3],
  "placement": [-1, -1, -1, 19, 44, -1, -1, 27, 18, -1, -1, -1, 21, 38, -1, 10, 13, -1, -1, 20, 43, 37, -1, 24, 11, 36, -1, 35, 17, -1, -1, 2, 25, 39, 45, -1, 47, -1, -1, 30, 3, -1, -1, 26, -1, 41, 9, 8, 16, 7, 31, 14, 12, 0, 34, 33, -1, 40, 29, -1, 4, 5, 1, -1, -1, -1, 46, 28, -1, -1, 32, 15, -1, -1, -1, -1, -1, -1, -1, -1, 6],
  "n2c": [53, 62, 31, 40, 60, 61, 80, 49, 47, 46, 15, 24, 52, 16, 51, 71, 48, 28, 8, 3, 19, 12, -1, -1, 23, 32, 43, 7, 67, 58, 39, 50, 70, 55, 54, 27, 25, 21, 13, 33, 57, 45, -1, 20, 4, 34, 66, 36]
}
