{
  "success": 0,
  "allPlaced": 1,
  "time": 0.271888,
  "dotName": "par_gen_inverted",
  "dotPath": "/home/jeronimo/Documentos/GIT/PeR/benchmarks/qca/eval/par_gen_inverted.dot",
  "placer": "SA",
  "wires": 19,
  "nNodes": 14,
  "tries": 37,
  "swaps": 32,
  "wrongEdges": 3,
  "area": 64,
  "usedAreaPercentage": 0.515625,
  "extraLayers": 2,
  "extraLayersLevels": [1, 4],
  "placement": [-1, -1, -1, 18, 17, 27, 16, -1, 26, -1, -1, 30, -1, -1, 9, 8, 15, 3, 12, 19, -1, -1, -1, 28, -1, 2, 6, -1, -1, -1, -1, 20, -1, 23, 29, -1, -1, -1, -1, 21, 24, 10, 7, 32, -1, -1, -1, 31, 14, -1, 11, -1, 0, 1, 22, 13, 5, 4, 25, -1, -1, -1, -1, -1],
  "n2c": [52, 53, 25, 17, 57, 56, 26, 42, 15, 14, 41, 50, 18, 55, 48, 16, 6, 4, 3, 19, 31, 39, 54, 33, 40, 58, 8, 5, 23, 34, 11, 47, 43]
}
