{
  "success": 0,
  "time": 0.814759,
  "dotName": "par_check_inverted",
  "dotPath": "/home/jeronimo/Documentos/GIT/PeR/benchmarks/qca/eval/par_check_inverted.dot",
  "placer": "SA",
  "wires": 22,
  "nNodes": 20,
  "tries": 44,
  "swaps": 35,
  "wrongEdges": 12,
  "area": 63,
  "usedAreaPercentage": 0.571429,
  "extraLayers": 1,
  "extraLayersLevels": [2],
  "placement": [-1, -1, -1, 34, 33, 19, 38, -1, -1, -1, -1, 0, 41, 9, 8, 21, 37, -1, -1, -1, 1, 35, -1, 16, 12, 20, -1, -1, 4, 14, 17, 25, 39, 26, -1, -1, -1, -1, 31, 7, 24, 11, -1, -1, -1, -1, -1, -1, 6, 15, 10, -1, -1, -1, -1, -1, -1, -1, 32, 13, 27, -1, -1, -1, -1, -1, -1, 5, 36, 18, -1, -1, -1, -1, -1, -1, 23, 22, -1, -1, -1],
  "n2c": [11, 20, -1, -1, 28, 67, 48, 39, 14, 13, 50, 41, 24, 59, 29, 49, 23, 30, 69, 5, 25, 15, 77, 76, 40, 31, 33, 60, -1, -1, -1, 38, 58, 4, 3, 21, 68, 16, 6, 32, -1, 12]
}
