{
  "success": 0,
  "time": 1.00568,
  "dotName": "par_gen_inverted",
  "dotPath": "/home/jeronimo/Documentos/GIT/PeR/benchmarks/qca/eval/par_gen_inverted.dot",
  "placer": "SA",
  "wires": 16,
  "nNodes": 14,
  "tries": 34,
  "swaps": 29,
  "wrongEdges": 3,
  "area": 64,
  "usedAreaPercentage": 0.46875,
  "extraLayers": 3,
  "extraLayersLevels": [6, 8, 0],
  "placement": [-1, -1, -1, 15, 28, 3, -1, -1, -1, -1, -1, 11, -1, 24, -1, -1, -1, -1, 6, 7, 10, 2, -1, -1, 8, 20, 21, 13, 14, -1, -1, -1, 26, 9, -1, 22, 27, -1, -1, -1, -1, 29, 16, 17, 5, 25, -1, -1, -1, -1, -1, 18, -1, 4, -1, -1, -1, -1, -1, 19, 12, 1, 23, 0],
  "n2c": [63, 61, 21, 5, 53, 44, 18, 19, 24, 33, 20, 11, 60, 27, 28, 3, 42, 43, 51, 59, 25, 26, 35, 62, 13, 45, 32, 36, 4, 41]
}
