{
  "success": 0,
  "time": 0.549903,
  "dotName": "par_gen_inverted",
  "dotPath": "/home/jeronimo/Documentos/GIT/PeR/benchmarks/qca/eval/par_gen_inverted.dot",
  "placer": "SA",
  "wires": 16,
  "nNodes": 14,
  "tries": 35,
  "swaps": 29,
  "wrongEdges": 3,
  "area": 64,
  "usedAreaPercentage": 0.46875,
  "extraLayers": 4,
  "extraLayersLevels": [6, 8, 0, 9],
  "placement": [-1, -1, 6, 7, 11, 4, 25, -1, 8, 20, 21, 13, 15, -1, 5, 27, 26, 9, -1, 22, 28, 3, 10, 14, -1, 29, -1, -1, -1, 24, 2, -1, -1, 16, -1, -1, -1, -1, -1, -1, -1, 17, -1, -1, -1, -1, -1, -1, -1, 18, -1, -1, -1, -1, -1, -1, -1, 19, 12, 1, 23, 0, -1, -1],
  "n2c": [61, 59, 30, 21, 5, 14, 2, 3, 8, 17, 22, 4, 58, 11, 23, 12, 33, 41, 49, 57, 9, 10, 19, 60, 29, 6, 16, 15, 20, 25]
}
