{
  "success": 0,
  "allPlaced": 1,
  "time": 0.208425,
  "dotName": "par_gen_inverted",
  "dotPath": "/home/jeronimo/Documentos/GIT/PeR/benchmarks/qca/eval/par_gen_inverted.dot",
  "placer": "SA",
  "wires": 23,
  "nNodes": 14,
  "tries": 44,
  "swaps": 36,
  "wrongEdges": 3,
  "area": 81,
  "usedAreaPercentage": 0.45679,
  "extraLayers": 3,
  "extraLayersLevels": [1, 4, 5],
  "placement": [-1, -1, -1, -1, -1, -1, -1, -1, 0, -1, -1, -1, -1, 16, 27, 17, 18, 1, -1, 20, 28, 8, 9, 19, 34, 30, 22, -1, 21, -1, -1, 6, 12, 32, 36, 13, 35, 31, -1, -1, 33, 29, 7, -1, -1, -1, -1, -1, 5, 14, 24, 10, -1, -1, -1, -1, -1, 4, -1, -1, 23, -1, -1, -1, -1, -1, 25, -1, 3, 2, -1, -1, -1, -1, -1, 11, 26, 15, -1, -1, -1],
  "n2c": [8, 17, 69, 68, 57, 48, 31, 42, 21, 22, 51, 75, 32, 35, 49, 77, 13, 15, 16, 23, 19, 28, 26, 60, 50, 66, 76, 14, 20, 41, 25, 37, 33, 40, 24, 36, 34]
}
