{
  "success": 0,
  "allPlaced": 1,
  "time": 0.171554,
  "dotName": "par_gen_inverted",
  "dotPath": "/home/jeronimo/Documentos/GIT/PeR/benchmarks/qca/eval/par_gen_inverted.dot",
  "placer": "SA",
  "wires": 15,
  "nNodes": 14,
  "tries": 34,
  "swaps": 28,
  "wrongEdges": 3,
  "area": 48,
  "usedAreaPercentage": 0.604167,
  "extraLayers": 1,
  "extraLayersLevels": [1],
  "placement": [6, 21, 20, 28, 8, 9, -1, -1, 7, 13, 22, -1, 0, 16, 27, 17, 10, 24, 14, 5, 1, 12, 19, 18, 23, -1, -1, 4, -1, -1, -1, -1, 2, 3, -1, 25, -1, -1, -1, -1, -1, 15, 26, 11, -1, -1, -1, -1, -1, -1, -1, -1, -1, -1, -1, -1, -1, -1, -1, -1, -1, -1, -1, -1],
  "n2c": [12, 20, 32, 33, 27, 19, 0, 8, 4, 5, 16, 43, 21, 9, 18, 41, 13, 15, 23, 22, 2, 1, 10, 24, 17, 35, 42, 14, 3]
}
