{
  "success": 0,
  "time": 0.667799,
  "dotName": "par_check_inverted",
  "dotPath": "/home/jeronimo/Documentos/GIT/PeR/benchmarks/qca/eval/par_check_inverted.dot",
  "placer": "SA",
  "wires": 16,
  "nNodes": 20,
  "tries": 39,
  "swaps": 29,
  "wrongEdges": 12,
  "area": 56,
  "usedAreaPercentage": 0.535714,
  "extraLayers": 0,
  "extraLayersLevels": [],
  "placement": [-1, -1, -1, -1, -1, 35, 34, -1, -1, -1, -1, 21, 20, 17, 33, -1, -1, -1, -1, 19, -1, 8, 9, -1, 0, 31, -1, -1, 30, 16, -1, -1, 1, 14, 4, 2, 3, 28, -1, -1, -1, 11, 5, 32, -1, 29, -1, -1, -1, 10, 23, 15, 6, 7, -1, -1, -1, 13, 22, -1, -1, -1, -1, -1],
  "n2c": [24, 32, 35, 36, 34, 42, 52, 53, 21, 22, 49, 41, -1, 57, 33, 51, 29, 13, -1, 19, 12, 11, 58, 50, -1, -1, -1, -1, 37, 45, 28, 25, 43, 14, 6, 5]
}
