{
  "success": 0,
  "allPlaced": 0,
  "time": 0.179399,
  "dotName": "par_check_inverted",
  "dotPath": "/home/jeronimo/Documentos/GIT/PeR/benchmarks/qca/eval/par_check_inverted.dot",
  "placer": "SA",
  "wires": 16,
  "nNodes": 20,
  "tries": 41,
  "swaps": 30,
  "wrongEdges": 11,
  "area": 56,
  "usedAreaPercentage": 0.553571,
  "extraLayers": 0,
  "extraLayersLevels": [],
  "placement": [-1, 25, 24, -1, -1, -1, -1, -1, -1, 26, 11, 10, 13, 22, -1, -1, -1, 12, 20, -1, 27, 23, -1, -1, -1, -1, 21, 19, 18, 5, 16, -1, -1, -1, -1, -1, 14, 4, 8, 9, -1, -1, 1, 0, 31, -1, -1, 33, -1, -1, 15, 6, 7, 17, 35, 34, -1, -1, 32, -1, -1, -1, -1, -1],
  "n2c": [43, 42, -1, -1, 37, 29, 51, 52, 38, 39, 11, 10, 17, 12, 36, 50, 30, 53, 28, 27, 18, 26, 13, 21, 2, 1, 9, 20, -1, -1, -1, 44, 58, 47, 55, 54]
}
