{
  "success": 0,
  "allPlaced": 1,
  "time": 0.353329,
  "dotName": "par_gen_inverted",
  "dotPath": "/home/jeronimo/Documentos/GIT/PeR/benchmarks/qca/eval/par_gen_inverted.dot",
  "placer": "SA",
  "wires": 27,
  "nNodes": 14,
  "tries": 49,
  "swaps": 40,
  "wrongEdges": 4,
  "area": 72,
  "usedAreaPercentage": 0.569444,
  "extraLayers": 4,
  "extraLayersLevels": [1, 4, 5, 3],
  "placement": [-1, 22, 13, 35, 31, 21, 40, 20, 28, -1, -1, 36, -1, -1, -1, 0, -1, 8, -1, -1, 32, -1, -1, -1, 1, 16, 9, -1, -1, 7, 29, 33, 6, 12, 27, -1, -1, -1, 37, -1, -1, -1, 38, 17, -1, -1, -1, 11, 5, 14, 24, 10, 39, -1, -1, -1, 25, 4, -1, -1, 23, 18, 19, -1, -1, -1, -1, -1, 3, 2, 30, 34, -1, -1, -1, -1, 26, 15, -1, -1, -1],
  "n2c": [15, 24, 69, 68, 57, 48, 32, 29, 17, 26, 51, 47, 33, 2, 49, 77, 25, 43, 61, 62, 7, 5, 1, 60, 50, 56, 76, 34, 8, 30, 70, 4, 20, 31, 71, 3, 11, 38, 42, 52, 6]
}
