{
  "success": 0,
  "time": 0.532475,
  "dotName": "par_gen_inverted",
  "dotPath": "/home/jeronimo/Documentos/GIT/PeR/benchmarks/qca/eval/par_gen_inverted.dot",
  "placer": "SA",
  "wires": 10,
  "nNodes": 14,
  "tries": 32,
  "swaps": 23,
  "wrongEdges": 4,
  "area": 42,
  "usedAreaPercentage": 0.571429,
  "extraLayers": 2,
  "extraLayersLevels": [6, 8],
  "placement": [-1, -1, 22, 0, 23, 1, 12, 10, 7, 13, -1, -1, -1, 19, 2, 6, 21, 20, 8, 9, 18, 3, 15, -1, -1, -1, 16, 17, -1, 11, 4, -1, -1, -1, -1, -1, -1, 5, 14, -1, -1, -1, -1, -1, -1, -1, -1, -1, -1],
  "n2c": [3, 5, 14, 21, 30, 37, 15, 8, 18, 19, 7, 29, 6, 9, 38, 22, 26, 27, 20, 13, 17, 16, 2, 4]
}
