{
  "success": 0,
  "allPlaced": 0,
  "time": 0.237904,
  "dotName": "par_check_inverted",
  "dotPath": "/home/jeronimo/Documentos/GIT/PeR/benchmarks/qca/eval/par_check_inverted.dot",
  "placer": "SA",
  "wires": 34,
  "nNodes": 20,
  "tries": 62,
  "swaps": 46,
  "wrongEdges": 12,
  "area": 90,
  "usedAreaPercentage": 0.522222,
  "extraLayers": 3,
  "extraLayersLevels": [2, 4, 4],
  "placement": [-1, 19, 38, 21, 2, -1, -1, -1, -1, -1, -1, -1, -1, 37, 3, 30, -1, -1, -1, -1, 12, 44, 50, 20, -1, 16, 8, 9, -1, -1, 43, -1, -1, 53, 47, 17, 35, 33, -1, -1, 49, -1, -1, -1, 31, 7, 41, 34, -1, -1, 26, -1, -1, -1, -1, 6, -1, -1, -1, -1, 39, 25, 24, -1, -1, 15, 32, 0, 1, -1, -1, -1, 11, 10, 13, 36, 5, 4, 14, -1, -1, -1, -1, -1, 27, 22, 23, -1, -1, -1, -1, -1, -1, -1, 18, 48, 42, -1, -1, -1],
  "n2c": [67, 68, 4, 14, 77, 76, 55, 45, 26, 27, 73, 72, 20, 74, 78, 65, 25, 35, 94, 1, 23, 3, 85, 86, 62, 61, 50, 84, -1, -1, 15, 44, 66, 37, 47, 36, 75, 13, 2, 60, -1, 46, 96, 30, 21, -1, -1, 34, 95, 40, 22, -1, -1, 33]
}
