{
  "success": 0,
  "time": 0.512002,
  "dotName": "par_gen_inverted",
  "dotPath": "/home/jeronimo/Documentos/GIT/PeR/benchmarks/qca/eval/par_gen_inverted.dot",
  "placer": "SA",
  "wires": 9,
  "nNodes": 14,
  "tries": 27,
  "swaps": 22,
  "wrongEdges": 4,
  "area": 42,
  "usedAreaPercentage": 0.547619,
  "extraLayers": 0,
  "extraLayersLevels": [],
  "placement": [-1, -1, -1, 0, 1, 22, 13, -1, -1, -1, 3, 15, -1, 21, -1, -1, 10, 2, -1, -1, 20, -1, 5, 14, -1, -1, -1, 8, -1, 4, -1, -1, -1, 16, 9, -1, 11, 7, 6, -1, 17, -1, -1, -1, -1, 12, 19, 18, -1],
  "n2c": [3, 4, 17, 10, 29, 22, 38, 37, 27, 34, 16, 36, 45, 6, 23, 11, 33, 40, 47, 46, 20, 13, 5]
}
