{
  "success": 0,
  "time": 0.514525,
  "dotName": "par_gen_inverted",
  "dotPath": "/home/jeronimo/Documentos/GIT/PeR/benchmarks/qca/eval/par_gen_inverted.dot",
  "placer": "SA",
  "wires": 10,
  "nNodes": 14,
  "tries": 28,
  "swaps": 22,
  "wrongEdges": 4,
  "area": 42,
  "usedAreaPercentage": 0.547619,
  "extraLayers": 1,
  "extraLayersLevels": [6],
  "placement": [-1, -1, -1, -1, -1, -1, -1, -1, -1, 14, 10, 23, 0, -1, -1, 4, 5, 7, 1, 22, 13, 15, 11, -1, 6, 12, -1, 21, 3, -1, -1, -1, 19, -1, 20, -1, -1, -1, -1, 18, 9, 8, -1, -1, -1, -1, 17, 16, -1],
  "n2c": [12, 18, -1, 28, 15, 16, 24, 17, 41, 40, 10, 22, 25, 20, 9, 21, 47, 46, 39, 32, 34, 27, 19, 11]
}
