{
  "success": 0,
  "allPlaced": 0,
  "time": 0.300139,
  "dotName": "par_check_inverted",
  "dotPath": "/home/jeronimo/Documentos/GIT/PeR/benchmarks/qca/eval/par_check_inverted.dot",
  "placer": "SA",
  "wires": 22,
  "nNodes": 20,
  "tries": 40,
  "swaps": 34,
  "wrongEdges": 13,
  "area": 72,
  "usedAreaPercentage": 0.486111,
  "extraLayers": 1,
  "extraLayersLevels": [2],
  "placement": [-1, -1, -1, -1, -1, 19, 38, 21, -1, -1, -1, -1, -1, -1, -1, -1, 37, -1, -1, 0, 1, -1, -1, -1, 17, 20, -1, -1, 31, 14, -1, 34, 41, 35, -1, -1, -1, -1, 4, -1, 33, -1, -1, -1, -1, -1, -1, 5, 32, 9, 8, -1, -1, -1, -1, -1, 12, 15, 6, 16, 30, -1, -1, 25, 39, 26, -1, 7, 40, 3, 2, -1, 24, 11, -1, -1, 29, 28, -1, -1, -1],
  "n2c": [19, 20, 70, 69, 38, 47, 58, 67, 50, 49, -1, 73, 56, -1, 29, 57, 59, 24, -1, 5, 25, 7, -1, -1, 72, 63, 65, -1, 77, 76, 60, 28, 48, 40, 31, 33, -1, 16, 6, 64, 68, 32]
}
