{
  "success": 0,
  "allPlaced": 0,
  "time": 0.211608,
  "dotName": "par_check_inverted",
  "dotPath": "/home/jeronimo/Documentos/GIT/PeR/benchmarks/qca/eval/par_check_inverted.dot",
  "placer": "SA",
  "wires": 28,
  "nNodes": 20,
  "tries": 51,
  "swaps": 37,
  "wrongEdges": 16,
  "area": 81,
  "usedAreaPercentage": 0.469136,
  "extraLayers": 2,
  "extraLayersLevels": [2, 4],
  "placement": [-1, -1, -1, 45, 28, 40, 16, 30, 3, 5, 32, 15, 29, 0, -1, -1, -1, -1, 23, -1, 6, 7, 1, -1, -1, -1, -1, 42, -1, -1, 31, 14, -1, -1, -1, -1, 22, -1, -1, -1, 4, -1, -1, -1, -1, 36, -1, 24, 25, 39, 26, -1, -1, -1, 13, 10, 11, -1, 12, 43, -1, -1, -1, 27, -1, -1, -1, 44, 21, 38, 19, -1, 18, -1, -1, -1, 20, 37, -1, -1, -1],
  "n2c": [13, 22, -1, 8, 40, 9, 20, 21, -1, -1, 55, 56, 58, 54, 31, 11, 6, -1, 72, 70, 76, 68, 36, 18, 47, 48, 50, 63, 4, 12, 7, 30, 10, -1, -1, -1, 45, 77, 69, 49, 5, -1, 27, 59, 67, 3, -1, -1]
}
