{
  "success": 0,
  "allPlaced": 0,
  "time": 0.469433,
  "dotName": "RCA2_inverted",
  "dotPath": "/home/jeronimo/Documentos/GIT/PeR/benchmarks/qca/eval/RCA2_inverted.dot",
  "placer": "SA",
  "wires": 64,
  "nNodes": 30,
  "tries": 70,
  "swaps": 55,
  "wrongEdges": 48,
  "area": 99,
  "usedAreaPercentage": 0.565657,
  "extraLayers": 3,
  "extraLayersLevels": [2, 4, 4],
  "placement": [-1, -1, -1, -1, -1, -1, -1, -1, -1, -1, -1, -1, -1, -1, -1, -1, 64, 65, -1, -1, -1, -1, -1, -1, -1, -1, 24, 10, 34, 20, 32, -1, -1, -1, -1, -1, -1, -1, 48, -1, -1, -1, 33, 29, -1, -1, -1, -1, -1, -1, 47, 82, 92, -1, -1, -1, -1, -1, -1, -1, 46, 88, 78, 27, 35, 90, 80, 59, -1, -1, -1, -1, 68, 45, 21, 22, 73, -1, -1, 60, -1, -1, -1, -1, -1, -1, 23, 11, 37, 72, -1, 61, -1, -1, -1, -1, -1, -1, 28, 83, 93, 36, -1, 62, -1, -1, -1, -1, -1, 39, 50, 71, -1, 91, 81, 63, -1, -1, -1, -1, -1, 38, 84, 51, -1, -1, -1, 5, 26, -1, -1, -1, -1, 66, 40, 89, 79, 52, 53, 54, 55, -1, -1, -1],
  "n2c": [-1, -1, -1, -1, -1, 127, -1, -1, -1, -1, 27, 87, -1, -1, -1, -1, -1, -1, -1, -1, 29, 74, 75, 86, 26, -1, 128, 63, 98, 43, -1, -1, 30, 42, 28, 64, 101, 88, 121, 109, 134, -1, -1, -1, -1, 73, 60, 50, 38, -1, 110, 123, 137, 138, 139, 140, -1, -1, -1, 67, 79, 91, 103, 115, 16, 17, 133, -1, 72, -1, -1, 111, 89, 76, -1, -1, -1, -1, 62, 136, 66, 114, 51, 99, 122, -1, -1, -1, 61, 135, 65, 113, 52, 100]
}
