{
  "success": 0,
  "time": 1.75733,
  "dotName": "RCA2_inverted",
  "dotPath": "/home/jeronimo/Documentos/GIT/PeR/benchmarks/qca/eval/RCA2_inverted.dot",
  "placer": "SA",
  "wires": 62,
  "nNodes": 30,
  "tries": 73,
  "swaps": 58,
  "wrongEdges": 43,
  "area": 132,
  "usedAreaPercentage": 0.44697,
  "extraLayers": 3,
  "extraLayersLevels": [2, 4, 3],
  "placement": [-1, -1, -1, -1, 29, 33, 9, 74, 40, 84, 66, -1, -1, -1, -1, -1, -1, -1, 75, -1, -1, 39, 38, 67, -1, -1, -1, -1, -1, 77, 17, 88, 70, 50, 51, 85, -1, -1, -1, -1, -1, -1, -1, -1, 6, 71, 89, 41, -1, -1, -1, -1, -1, -1, -1, -1, 7, 15, -1, 76, -1, -1, -1, -1, -1, -1, -1, -1, 16, 14, -1, 18, -1, 62, 61, 60, 59, -1, -1, -1, -1, 49, -1, 42, -1, 63, 5, 4, 80, -1, -1, -1, -1, 69, -1, 43, -1, -1, 27, 82, 35, -1, -1, -1, -1, 87, -1, 44, -1, -1, -1, -1, 91, -1, -1, -1, -1, 32, 8, 1, -1, -1, -1, -1, 73, -1, -1, -1, -1, 20, 65, -1, -1, -1, -1, -1, 37, 72, 90, 36, 81, 34, 64, -1],
  "n2c": [-1, 119, -1, -1, 87, 86, 44, 56, 118, 6, -1, -1, -1, -1, 69, 57, 68, 30, 71, -1, 129, -1, -1, -1, -1, -1, -1, 98, -1, 4, -1, -1, 117, 5, 141, 100, 139, 136, 22, 21, 8, 47, 83, 95, 107, -1, -1, -1, -1, 81, 33, 34, -1, -1, -1, -1, -1, -1, -1, 76, 75, 74, 73, 85, 142, 130, 10, 23, -1, 93, 32, 45, 137, 124, 7, 18, 59, 29, -1, -1, 88, 140, 99, -1, 9, 35, -1, 105, 31, 46, 138, 112]
}
