{
  "success": 0,
  "time": 0.936687,
  "dotName": "RCA2_inverted",
  "dotPath": "/home/jeronimo/Documentos/GIT/PeR/benchmarks/qca/eval/RCA2_inverted.dot",
  "placer": "SA",
  "wires": 36,
  "nNodes": 30,
  "tries": 52,
  "swaps": 41,
  "wrongEdges": 34,
  "area": 77,
  "usedAreaPercentage": 0.545455,
  "extraLayers": 0,
  "extraLayersLevels": [],
  "placement": [-1, -1, -1, -1, -1, -1, -1, -1, -1, -1, -1, -1, -1, -1, -1, -1, -1, -1, -1, -1, -1, -1, -1, -1, -1, -1, -1, -1, -1, -1, -1, -1, -1, -1, -1, -1, -1, -1, -1, -1, -1, -1, -1, -1, -1, -1, -1, 53, 52, -1, -1, -1, 56, -1, -1, 62, 63, 5, 54, 51, -1, -1, -1, 20, 57, 25, 61, -1, 26, 55, 50, 39, -1, -1, 65, 13, 30, 60, -1, 31, -1, -1, 38, -1, -1, 64, 12, -1, 59, -1, -1, -1, 9, 40, -1, 10, 34, 3, -1, 35, 22, 21, 45, 46, 47, 48, 24, -1, 2, -1, 37, 11, 23, -1, -1, -1, -1, -1, -1, -1, -1],
  "n2c": [-1, -1, 108, 97, -1, 57, -1, -1, -1, 92, 95, 111, 86, 75, -1, -1, -1, -1, -1, -1, 63, 101, 100, 112, 106, 65, 68, -1, -1, -1, 76, 79, -1, -1, 96, 99, -1, 110, 82, 71, 93, -1, -1, -1, -1, 102, 103, 104, 105, -1, 70, 59, 48, 47, 58, 69, 52, 64, -1, 88, 77, 66, 55, 56, 85, 74]
}
