{
  "success": 0,
  "allPlaced": 0,
  "time": 0.25053,
  "dotName": "RCA2_inverted",
  "dotPath": "/home/jeronimo/Documentos/GIT/PeR/benchmarks/qca/eval/RCA2_inverted.dot",
  "placer": "SA",
  "wires": 72,
  "nNodes": 30,
  "tries": 64,
  "swaps": 49,
  "wrongEdges": 63,
  "area": 91,
  "usedAreaPercentage": 0.549451,
  "extraLayers": 4,
  "extraLayersLevels": [2, 4, 4, 3],
  "placement": [-1, -1, -1, -1, -1, -1, -1, 91, 36, -1, -1, 61, 60, 95, 41, 86, 76, -1, -1, -1, 81, 100, -1, 4, 62, 59, 67, 38, 39, -1, 20, 65, 64, 34, 72, 37, 5, 63, 80, -1, 66, -1, -1, 32, 8, 1, -1, -1, 73, 101, 35, 90, -1, 94, -1, -1, -1, -1, 44, 43, 42, 27, 82, 92, -1, -1, 40, 84, 74, -1, -1, 87, 77, 18, -1, -1, -1, -1, -1, -1, -1, 9, 75, 85, 17, -1, -1, -1, -1, -1, -1, -1, -1, -1, -1, -1, -1, -1, -1, -1, -1, -1, -1, -1, -1, -1, -1, -1, -1, -1, -1, -1, -1, -1, -1, -1, -1, -1, -1, -1, -1, -1, -1, -1, -1, -1, -1, -1, -1, -1, -1, -1, -1, -1, -1, -1, -1, -1, -1, -1, -1, -1, -1, -1, -1, -1, -1, -1, -1, -1, -1, -1, -1, -1, -1, -1, -1, -1, -1, -1, -1, -1, -1, -1, -1, -1, -1, -1, -1],
  "n2c": [-1, 45, -1, -1, 23, 36, -1, -1, 44, 81, -1, -1, -1, -1, -1, -1, -1, 84, 73, -1, 30, -1, -1, -1, -1, -1, -1, 61, -1, -1, -1, -1, 43, -1, 33, 50, 8, 35, 27, 28, 66, 14, 60, 59, 58, -1, -1, -1, -1, -1, -1, -1, -1, -1, -1, -1, -1, -1, -1, 25, 12, 11, 24, 37, 32, 31, 40, 26, -1, -1, -1, -1, 34, 48, 68, 82, 16, 72, -1, -1, 38, 20, 62, -1, 67, 83, 15, 71, -1, -1, 51, 7, 63, -1, 53, 13, -1, -1, -1, -1, 21, 49]
}
