{
  "success": 0,
  "allPlaced": 0,
  "time": 0.297565,
  "dotName": "RCA2_inverted",
  "dotPath": "/home/jeronimo/Documentos/GIT/PeR/benchmarks/qca/eval/RCA2_inverted.dot",
  "placer": "SA",
  "wires": 36,
  "nNodes": 30,
  "tries": 52,
  "swaps": 39,
  "wrongEdges": 36,
  "area": 121,
  "usedAreaPercentage": 0.330579,
  "extraLayers": 0,
  "extraLayersLevels": [],
  "placement": [-1, 10, 34, -1, -1, -1, -1, -1, -1, -1, -1, 48, 24, 36, 28, -1, -1, -1, -1, -1, -1, -1, 47, -1, -1, -1, -1, -1, -1, -1, -1, -1, -1, 46, 23, 11, 37, 62, 63, 5, -1, -1, -1, -1, 45, 21, 22, 35, 61, -1, 26, -1, -1, -1, -1, -1, -1, -1, 59, 60, -1, 31, 30, 13, -1, -1, -1, -1, -1, -1, -1, -1, -1, -1, 56, -1, -1, -1, -1, -1, -1, -1, -1, -1, 32, 20, 57, -1, -1, -1, -1, -1, -1, -1, 1, 8, -1, 25, -1, -1, -1, -1, -1, -1, -1, 44, 18, -1, 58, -1, -1, -1, -1, -1, -1, -1, 43, 42, 2, 3, 12],
  "n2c": [-1, 94, 118, 119, -1, 39, -1, -1, 95, -1, 1, 35, 120, 63, -1, -1, -1, -1, 106, -1, 85, 45, 46, 34, 12, 97, 50, -1, 14, -1, 62, 61, 84, -1, 2, 47, 13, 36, -1, -1, -1, -1, 117, 116, 105, 44, 33, 22, 11, -1, -1, -1, -1, -1, -1, -1, 74, 86, 108, 58, 59, 48, 37, 38, -1, -1]
}
