{
  "success": 0,
  "time": 1.11806,
  "dotName": "RCA2_inverted",
  "dotPath": "/home/jeronimo/Documentos/GIT/PeR/benchmarks/qca/eval/RCA2_inverted.dot",
  "placer": "SA",
  "wires": 44,
  "nNodes": 30,
  "tries": 60,
  "swaps": 49,
  "wrongEdges": 33,
  "area": 81,
  "usedAreaPercentage": 0.617284,
  "extraLayers": 1,
  "extraLayersLevels": [2],
  "placement": [-1, -1, -1, -1, -1, -1, -1, -1, -1, -1, -1, -1, -1, -1, -1, -1, -1, 56, -1, -1, -1, -1, -1, 2, 3, 12, 13, 57, 20, 32, -1, -1, -1, 47, 48, 24, 31, 30, 25, -1, 8, -1, -1, -1, 46, 68, 45, 26, 55, 54, 53, 1, 44, -1, -1, -1, 22, 21, -1, 71, 51, 52, -1, 43, -1, -1, -1, 11, 23, -1, 50, -1, -1, -1, 42, -1, -1, -1, 37, 73, 35, 39, 38, 66, 40, 18, -1, -1, -1, -1, -1, 59, 62, 67, -1, 9, 17, -1, -1, -1, -1, -1, 60, 61, 41, -1, -1, -1, -1, -1, -1, -1, -1, -1, -1, -1, -1, -1, -1, -1, -1],
  "n2c": [-1, 51, 23, 24, -1, -1, -1, -1, 40, 95, -1, 67, 25, 26, -1, -1, -1, 96, 85, -1, 28, 57, 56, 68, 35, 38, 47, -1, -1, -1, 37, 36, 29, -1, -1, 80, -1, 78, 82, 81, 84, 104, 74, 63, 52, 46, 44, 33, 34, -1, 70, 60, 61, 50, 49, 48, 17, 27, -1, 91, 102, 103, 92, -1, -1, -1, 83, 93, 45, -1, -1, 59, -1, 79]
}
