{
  "success": 0,
  "time": 1.40504,
  "dotName": "RCA2_inverted",
  "dotPath": "/home/jeronimo/Documentos/GIT/PeR/benchmarks/qca/eval/RCA2_inverted.dot",
  "placer": "SA",
  "wires": 54,
  "nNodes": 30,
  "tries": 79,
  "swaps": 60,
  "wrongEdges": 33,
  "area": 144,
  "usedAreaPercentage": 0.423611,
  "extraLayers": 2,
  "extraLayersLevels": [2, 4],
  "placement": [-1, -1, -1, -1, -1, 18, 77, 17, -1, -1, -1, -1, -1, -1, -1, -1, -1, -1, -1, 75, 9, -1, -1, -1, -1, -1, 13, 30, -1, -1, -1, -1, 74, -1, -1, -1, 65, 20, 56, 25, -1, -1, -1, -1, 40, 39, 50, 71, 64, 57, -1, 58, -1, -1, -1, -1, 66, 38, -1, 51, 34, 10, 24, 3, 2, -1, -1, -1, -1, -1, -1, 79, -1, -1, 48, -1, -1, -1, -1, -1, -1, -1, -1, 52, 46, 78, 47, -1, -1, -1, -1, -1, -1, 31, -1, 53, 68, 45, 21, 23, -1, -1, -1, -1, 5, 26, 55, 54, 28, -1, 22, 11, 27, -1, 61, 62, 63, -1, -1, -1, 83, 36, 72, 37, 82, -1, 60, -1, -1, -1, -1, -1, -1, 81, -1, 73, 35, 80, 59, -1, -1, -1, -1, -1],
  "n2c": [-1, -1, 64, 63, -1, 104, -1, -1, -1, 20, 61, 111, -1, 26, -1, -1, -1, 7, 5, -1, 37, 98, 110, 99, 62, 39, 105, 112, 108, -1, 27, 93, -1, -1, 60, 136, 121, 123, 57, 45, 44, -1, -1, -1, -1, 97, 84, 86, 74, -1, 46, 59, 83, 95, 107, 106, 38, 49, 51, 138, 126, 114, 115, 116, 48, 36, 56, -1, 96, -1, -1, 47, 122, 135, 32, 19, -1, 6, 85, 71, 137, 133, 124, 120]
}
