{
  "success": 0,
  "time": 0.744281,
  "dotName": "RCA2_inverted",
  "dotPath": "/home/jeronimo/Documentos/GIT/PeR/benchmarks/qca/eval/RCA2_inverted.dot",
  "placer": "SA",
  "wires": 68,
  "nNodes": 30,
  "tries": 56,
  "swaps": 47,
  "wrongEdges": 60,
  "area": 132,
  "usedAreaPercentage": 0.363636,
  "extraLayers": 4,
  "extraLayersLevels": [2, 4, 3, 1],
  "placement": [-1, -1, -1, -1, -1, 53, 52, 79, 51, 89, 71, 50, -1, -1, 62, 63, 5, 54, -1, -1, -1, -1, -1, -1, -1, -1, 61, -1, 26, 55, -1, -1, -1, -1, -1, -1, 80, 59, 60, -1, -1, -1, -1, -1, -1, -1, -1, -1, 35, -1, -1, -1, -1, -1, -1, -1, -1, -1, -1, -1, 91, -1, 45, 68, 86, 46, 78, 47, -1, -1, -1, -1, 73, -1, 94, -1, -1, -1, -1, 48, -1, -1, -1, -1, 37, 22, 21, -1, -1, 34, 10, 24, 3, 2, -1, -1, 93, 11, 23, -1, -1, 64, 57, -1, 58, -1, -1, -1, -1, -1, -1, -1, -1, 65, 20, 56, 25, -1, -1, -1, -1, -1, -1, -1, -1, -1, -1, 13, 30, -1, -1, -1, -1, -1, -1, -1, -1, -1, -1, -1, -1, -1, -1, -1],
  "n2c": [-1, -1, 93, 92, -1, 16, -1, -1, -1, -1, 90, 97, -1, 127, -1, -1, -1, -1, -1, -1, 114, 86, 85, 98, 91, 116, 28, -1, -1, -1, 128, -1, -1, -1, 89, 48, -1, 84, -1, -1, -1, -1, -1, -1, -1, 62, 65, 67, 79, -1, 11, 8, 6, 5, 17, 29, 115, 102, 104, 37, 38, 26, 14, 15, 101, 113, -1, -1, 63, -1, -1, 10, -1, 72, -1, -1, -1, -1, 66, 7, 36, -1, -1, -1, -1, -1, 64, -1, -1, 9, -1, 60, -1, 96, 74, -1, -1, -1]
}
