{
  "success": 0,
  "allPlaced": 0,
  "time": 3.74881,
  "dotName": "RCA2_inverted",
  "dotPath": "/home/jeronimo/Documentos/GIT/PeR/benchmarks/qca/eval/RCA2_inverted.dot",
  "placer": "SA",
  "wires": 54,
  "nNodes": 30,
  "tries": 62,
  "swaps": 49,
  "wrongEdges": 44,
  "area": 108,
  "usedAreaPercentage": 0.462963,
  "extraLayers": 2,
  "extraLayersLevels": [2, 4],
  "placement": [-1, -1, -1, -1, -1, -1, -1, 67, 38, 39, -1, -1, -1, -1, -1, -1, -1, -1, -1, 41, 76, 50, -1, -1, -1, -1, -1, -1, -1, -1, -1, 79, 51, 71, -1, -1, -1, -1, -1, -1, 60, 61, -1, 52, -1, -1, -1, -1, -1, -1, -1, -1, 59, 62, -1, 53, -1, -1, -1, -1, -1, -1, -1, -1, 80, 63, 5, 54, -1, -1, -1, -1, -1, -1, 27, 82, 35, -1, 26, 55, -1, -1, -1, -1, -1, 22, 11, 37, 73, -1, -1, -1, -1, -1, -1, -1, -1, 21, 23, 72, 28, -1, -1, -1, -1, -1, -1, -1, -1, 45, -1, 36, 83, 34, 64, 65, 20, -1, -1, -1, -1, 68, -1, 81, -1, 10, -1, -1, 32, -1, -1, -1, -1, 46, 78, 47, 48, 24, -1, -1, 33, 29, -1, -1],
  "n2c": [-1, -1, -1, -1, -1, 66, -1, -1, -1, -1, 125, 86, -1, -1, -1, -1, -1, -1, -1, -1, 116, 97, 85, 98, 137, -1, 78, 74, 100, 141, -1, -1, 128, 140, 113, 76, 111, 87, 8, 9, -1, 19, -1, -1, -1, 109, 133, 135, 136, -1, 21, 32, 43, 55, 67, 79, -1, -1, -1, 52, 40, 41, 53, 65, 114, 115, -1, 7, 121, -1, -1, 33, 99, 88, -1, -1, 20, -1, 134, 31, 64, 123, 75, 112]
}
