{
  "success": 0,
  "allPlaced": 0,
  "time": 0.444697,
  "dotName": "RCA2_inverted",
  "dotPath": "/home/jeronimo/Documentos/GIT/PeR/benchmarks/qca/eval/RCA2_inverted.dot",
  "placer": "SA",
  "wires": 44,
  "nNodes": 30,
  "tries": 67,
  "swaps": 50,
  "wrongEdges": 31,
  "area": 121,
  "usedAreaPercentage": 0.421488,
  "extraLayers": 1,
  "extraLayersLevels": [2],
  "placement": [-1, -1, -1, -1, -1, 43, 42, -1, -1, -1, -1, -1, 15, 7, 6, -1, 44, 18, -1, -1, -1, -1, -1, 14, 16, 70, 0, 1, 41, -1, -1, -1, -1, -1, 49, 69, 17, -1, -1, 67, -1, -1, -1, -1, 20, 32, 33, 9, 40, 66, 38, -1, -1, -1, -1, 65, -1, -1, -1, -1, 22, 11, 37, 72, 36, 28, 64, 34, -1, 68, 45, 21, 23, 73, -1, -1, -1, -1, 10, 24, 46, -1, -1, -1, 35, 27, -1, -1, -1, -1, 48, 47, -1, 61, 60, 59, -1, -1, -1, -1, -1, -1, -1, -1, 62, -1, -1, -1, -1, -1, -1, -1, -1, -1, 5, 63, -1, -1, -1, -1, -1],
  "n2c": [26, 27, -1, -1, -1, 114, 14, 13, -1, 47, 78, 61, -1, -1, 23, 12, 24, 36, 17, -1, 44, 71, 60, 72, 79, -1, -1, 85, 65, -1, -1, -1, 45, 46, 67, 84, 64, 62, 50, -1, 48, 28, 6, 5, 16, 70, 80, 91, 90, 34, -1, -1, -1, -1, -1, -1, -1, -1, -1, 95, 94, 93, 104, 115, 66, 55, 49, 39, 69, 35, 25, -1, 63, 73]
}
