{
  "success": 0,
  "time": 0.672085,
  "dotName": "t_inverted",
  "dotPath": "/home/jeronimo/Documentos/GIT/PeR/benchmarks/qca/eval/t_inverted.dot",
  "placer": "SA",
  "wires": 17,
  "nNodes": 17,
  "tries": 37,
  "swaps": 29,
  "wrongEdges": 6,
  "area": 49,
  "usedAreaPercentage": 0.612245,
  "extraLayers": 4,
  "extraLayersLevels": [3, 5, 3, 6],
  "placement": [-1, -1, -1, -1, -1, -1, -1, -1, 3, 32, 26, 2, -1, -1, -1, -1, 25, 31, 21, 18, 17, -1, -1, -1, -1, -1, 8, 14, 5, 4, -1, -1, -1, -1, -1, 28, -1, 11, 6, -1, -1, -1, -1, 22, -1, 10, 7, -1, 9, 12, -1, 1, 23, 30, -1, -1, 16, 15, 19, 20, 29, 24, -1, -1],
  "n2c": [-1, 51, 11, 8, 29, 28, 38, 46, 26, 48, 45, 37, 49, -1, 27, 57, 56, 20, 19, 58, 59, 18, 43, 52, 61, 16, 10, -1, 35, 60, 53, 17, 9, -1]
}
