{
  "success": 0,
  "allPlaced": 0,
  "time": 0.170131,
  "dotName": "t_inverted",
  "dotPath": "/home/jeronimo/Documentos/GIT/PeR/benchmarks/qca/eval/t_inverted.dot",
  "placer": "SA",
  "wires": 13,
  "nNodes": 17,
  "tries": 33,
  "swaps": 28,
  "wrongEdges": 3,
  "area": 48,
  "usedAreaPercentage": 0.604167,
  "extraLayers": 3,
  "extraLayersLevels": [3, 6, 3],
  "placement": [-1, -1, -1, -1, -1, 0, 1, -1, -1, 12, 15, 19, 20, 27, 23, -1, -1, 9, 13, -1, -1, 6, 7, -1, -1, 8, -1, 5, 4, 11, -1, -1, -1, 14, 18, 17, -1, 10, -1, -1, -1, 26, -1, -1, -1, 28, -1, -1, -1, 22, -1, -1, -1, 24, -1, -1, -1, -1, 21, 29, 25, 3, 2, -1],
  "n2c": [5, 6, 62, 61, 28, 27, 21, 22, 25, 17, 37, 29, 9, 18, 33, 10, -1, 35, 34, 11, 12, 58, 49, 14, 53, 60, 41, 13, 45, 59]
}
