{
  "success": 0,
  "time": 0.662394,
  "dotName": "t_inverted",
  "dotPath": "/home/jeronimo/Documentos/GIT/PeR/benchmarks/qca/eval/t_inverted.dot",
  "placer": "SA",
  "wires": 15,
  "nNodes": 17,
  "tries": 39,
  "swaps": 28,
  "wrongEdges": 5,
  "area": 64,
  "usedAreaPercentage": 0.453125,
  "extraLayers": 3,
  "extraLayersLevels": [3, 5, 3],
  "placement": [-1, -1, -1, -1, -1, -1, 24, -1, -1, -1, 7, 6, 11, 10, 30, -1, -1, -1, -1, -1, 4, 5, -1, -1, 29, 23, -1, -1, -1, 17, -1, -1, 20, 1, 22, 28, 14, 18, -1, -1, 19, -1, -1, -1, 8, 21, 31, 25, 15, 13, -1, -1, -1, 2, 26, 3, 12, 9, -1, -1, -1, -1, -1, -1],
  "n2c": [-1, 33, 53, 55, 20, 21, 11, 10, 44, 57, 13, 12, 56, 49, 36, 48, -1, 29, 37, 40, 32, 45, 34, 25, 6, 47, 54, -1, 35, 24, 14, 46]
}
