{
  "success": 0,
  "allPlaced": 0,
  "time": 0.131128,
  "dotName": "t_inverted",
  "dotPath": "/home/jeronimo/Documentos/GIT/PeR/benchmarks/qca/eval/t_inverted.dot",
  "placer": "SA",
  "wires": 9,
  "nNodes": 17,
  "tries": 30,
  "swaps": 24,
  "wrongEdges": 3,
  "area": 42,
  "usedAreaPercentage": 0.595238,
  "extraLayers": 2,
  "extraLayersLevels": [3, 6],
  "placement": [-1, -1, -1, -1, -1, -1, -1, -1, -1, -1, -1, 5, 17, 18, 14, 22, -1, -1, -1, 4, -1, -1, -1, -1, -1, -1, 6, 11, 10, 24, 3, 2, -1, -1, 7, -1, -1, -1, 25, -1, -1, -1, -1, 13, 9, 8, 21, -1, -1, -1, -1, 15, 12, -1, 0, -1, -1, -1, -1, 19, 20, 23, 1, -1],
  "n2c": [54, 62, 31, 30, 19, 11, 26, 34, 45, 44, 28, 27, 52, 43, 14, 51, -1, 12, 13, 59, 60, 46, 15, 61, 29, 38]
}
