{
  "success": 0,
  "allPlaced": 0,
  "time": 0.175046,
  "dotName": "t_inverted",
  "dotPath": "/home/jeronimo/Documentos/GIT/PeR/benchmarks/qca/eval/t_inverted.dot",
  "placer": "SA",
  "wires": 18,
  "nNodes": 17,
  "tries": 41,
  "swaps": 32,
  "wrongEdges": 3,
  "area": 64,
  "usedAreaPercentage": 0.515625,
  "extraLayers": 4,
  "extraLayersLevels": [3, 6, 3, 1],
  "placement": [-1, 10, 11, 34, 4, 5, -1, -1, -1, 28, 33, -1, -1, 17, 31, 18, -1, 24, 6, -1, -1, -1, -1, 14, 25, 3, 7, -1, -1, -1, 0, 26, 29, 21, 8, -1, -1, -1, 1, 22, -1, -1, 30, -1, 20, 27, 23, -1, -1, -1, 9, 16, 19, -1, -1, -1, -1, -1, 12, 15, 32, -1, -1, -1],
  "n2c": [30, 38, -1, 25, 4, 5, 18, 26, 34, 50, 1, 2, 58, -1, 23, 59, 51, 13, 15, 52, 44, 33, 39, 46, 17, 24, 31, 45, 9, 32, 42, 14, 60, 10, 3]
}
