{
  "success": 0,
  "time": 0.579137,
  "dotName": "t_inverted",
  "dotPath": "/home/jeronimo/Documentos/GIT/PeR/benchmarks/qca/eval/t_inverted.dot",
  "placer": "SA",
  "wires": 9,
  "nNodes": 17,
  "tries": 29,
  "swaps": 24,
  "wrongEdges": 3,
  "area": 48,
  "usedAreaPercentage": 0.520833,
  "extraLayers": 1,
  "extraLayersLevels": [3],
  "placement": [-1, 0, 1, 22, 14, 8, 9, 12, -1, -1, -1, -1, -1, 21, 16, 15, -1, -1, -1, 2, 3, 25, -1, 19, 7, 6, 11, 10, 24, -1, -1, 20, -1, -1, 4, 5, -1, -1, -1, 23, -1, -1, -1, 17, 18, -1, -1, -1, -1, -1, -1, -1, -1, -1, -1, -1, -1, -1, -1, -1, -1, -1, -1, -1],
  "n2c": [1, 2, 19, 20, 34, 35, 25, 24, 5, 6, 27, 26, 7, -1, 4, 15, 14, 43, 44, 23, 31, 13, 3, 39, 28, 21]
}
