{
  "success": 0,
  "allPlaced": 0,
  "time": 0.134192,
  "dotName": "t_inverted",
  "dotPath": "/home/jeronimo/Documentos/GIT/PeR/benchmarks/qca/eval/t_inverted.dot",
  "placer": "SA",
  "wires": 9,
  "nNodes": 17,
  "tries": 30,
  "swaps": 24,
  "wrongEdges": 3,
  "area": 49,
  "usedAreaPercentage": 0.510204,
  "extraLayers": 1,
  "extraLayersLevels": [3],
  "placement": [-1, 22, 14, 8, 9, 16, -1, -1, -1, 1, 0, 21, 12, 15, -1, -1, -1, -1, -1, 25, -1, 19, -1, -1, 18, -1, 24, 3, 2, 20, 23, -1, 17, -1, 10, -1, -1, -1, -1, -1, 5, 4, 11, -1, -1, -1, -1, -1, -1, -1, 6, 7, -1, -1, -1, -1, -1, -1, -1, -1, -1, -1, -1, -1],
  "n2c": [10, 9, 28, 27, 41, 40, 50, 51, 3, 4, 34, 42, 12, -1, 2, 13, 5, 32, 24, 21, 29, 11, 1, 30, 26, 19]
}
