{
  "success": 0,
  "allPlaced": 0,
  "time": 0.277474,
  "dotName": "xor5R_inverted",
  "dotPath": "/home/jeronimo/Documentos/GIT/PeR/benchmarks/qca/eval/xor5R_inverted.dot",
  "placer": "SA",
  "wires": 65,
  "nNodes": 38,
  "tries": 68,
  "swaps": 53,
  "wrongEdges": 59,
  "area": 99,
  "usedAreaPercentage": 0.545455,
  "extraLayers": 4,
  "extraLayersLevels": [9, 2, 12, 2],
  "placement": [-1, -1, -1, -1, -1, 93, 42, 12, 13, -1, -1, 58, 77, -1, -1, -1, -1, -1, 79, 43, 44, -1, -1, -1, 90, 57, -1, -1, -1, -1, -1, 47, 46, 45, -1, -1, -1, 59, 56, -1, -1, -1, -1, -1, 5, 32, 36, 1, 0, -1, -1, 55, -1, -1, -1, -1, -1, 4, 89, -1, 74, 63, 62, -1, 54, -1, -1, -1, -1, -1, 76, 33, 92, 37, 78, 61, -1, 53, -1, -1, -1, -1, -1, -1, -1, -1, 91, 64, 60, 34, 35, -1, -1, -1, -1, 24, -1, -1, 29, 52, 27, 102, 88, 26, -1, -1, -1, -1, 85, 99, 25, 28, -1, -1, -1, -1, -1, -1, -1, -1, -1, -1, 31, 51, -1, -1, -1, -1, -1, -1, -1, -1, -1, -1, -1, 30, -1, -1, -1, -1, -1, -1, -1, -1, -1, -1, -1, -1, -1, -1, -1, -1, -1, -1, -1, -1, -1, -1, -1, -1, -1, -1, -1, -1, -1, -1, -1, -1, -1],
  "n2c": [48, 47, -1, -1, 57, 44, -1, -1, -1, -1, -1, -1, 7, 8, -1, -1, -1, -1, -1, -1, -1, -1, -1, -1, 95, 110, 103, 100, 111, 98, 135, 122, 45, 71, 89, 90, 46, 73, -1, -1, -1, -1, 6, 19, 20, 33, 32, 31, -1, -1, -1, 123, 99, 77, 64, 51, 38, 25, 11, 37, 88, 75, 62, 61, 87, -1, -1, -1, -1, -1, -1, -1, -1, -1, 60, -1, 70, 12, 74, 18, -1, -1, -1, -1, -1, 108, -1, -1, 102, 58, 24, 86, 72, 5, -1, -1, -1, -1, -1, 109, -1, -1, 101]
}
