{
  "success": 0,
  "allPlaced": 0,
  "time": 0.266301,
  "dotName": "xor5_r1_inverted",
  "dotPath": "/home/jeronimo/Documentos/GIT/PeR/benchmarks/qca/eval/xor5_r1_inverted.dot",
  "placer": "SA",
  "wires": 33,
  "nNodes": 32,
  "tries": 59,
  "swaps": 49,
  "wrongEdges": 23,
  "area": 110,
  "usedAreaPercentage": 0.454545,
  "extraLayers": 3,
  "extraLayersLevels": [11, 8, 3],
  "placement": [-1, -1, -1, -1, -1, -1, -1, 34, 26, -1, -1, -1, -1, -1, -1, 20, 49, -1, 35, 27, 39, 0, -1, -1, -1, 44, 21, 50, -1, 36, -1, 40, 54, -1, -1, -1, 45, -1, 64, -1, 56, -1, 41, 1, -1, 47, 63, 46, -1, 51, 31, 37, -1, 42, 43, -1, 48, 23, 22, -1, -1, 28, -1, -1, 57, 30, -1, -1, 18, -1, -1, -1, 55, -1, -1, -1, -1, -1, -1, 19, 25, 24, 32, 29, 58, -1, -1, -1, -1, -1, 60, -1, -1, 10, 11, -1, -1, -1, -1, -1, -1, 16, -1, 52, 15, -1, -1, -1, -1, -1, -1, -1, 17, 12, 13, -1, -1, -1, -1, -1, -1],
  "n2c": [21, 43, -1, -1, -1, -1, -1, -1, -1, -1, 93, 94, 113, 114, -1, 104, 101, 112, 68, 79, 15, 26, 58, 57, 81, 80, 8, 19, 61, 83, 65, 50, 82, -1, 7, 18, 29, 51, -1, 20, 31, 42, 53, 54, 25, 36, 47, 45, 56, 16, 27, 49, 103, -1, 32, 72, 40, 64, 84, -1, 90, -1, -1, 46, 38]
}
