{
  "success": 0,
  "allPlaced": 0,
  "time": 0.426244,
  "dotName": "xor5_r1_inverted",
  "dotPath": "/home/jeronimo/Documentos/GIT/PeR/benchmarks/qca/eval/xor5_r1_inverted.dot",
  "placer": "SA",
  "wires": 23,
  "nNodes": 32,
  "tries": 64,
  "swaps": 50,
  "wrongEdges": 12,
  "area": 81,
  "usedAreaPercentage": 0.62963,
  "extraLayers": 1,
  "extraLayersLevels": [11],
  "placement": [-1, -1, -1, -1, -1, -1, -1, -1, -1, -1, -1, -1, -1, 3, 2, 7, 6, 27, 26, 34, -1, 8, 9, 33, 42, 41, 40, 39, -1, 35, -1, -1, 4, -1, -1, -1, -1, -1, -1, 36, -1, 38, 5, -1, -1, -1, -1, -1, -1, 37, -1, -1, -1, 13, 12, 17, 32, 29, 28, 31, -1, -1, 15, 52, 51, 16, 24, 30, -1, -1, -1, 21, 20, 49, 50, 19, 25, 43, 1, 54, -1, 44, -1, 22, 23, 18, -1, -1, -1, 0, -1, 45, 46, 47, 48, -1, -1, -1, -1, -1],
  "n2c": [89, 78, 14, 13, 32, 42, 16, 15, 21, 22, -1, -1, 54, 53, -1, 62, 65, 55, 85, 75, 72, 71, 83, 84, 66, 76, 18, 17, 58, 57, 67, 59, 56, 23, 19, 29, 39, 49, 41, 27, 26, 25, 24, 77, 81, 91, 92, 93, 94, 73, 74, 64, 63, -1, 79]
}
