{
  "success": 0,
  "allPlaced": 0,
  "time": 0.539072,
  "dotName": "xor5R_inverted",
  "dotPath": "/home/jeronimo/Documentos/GIT/PeR/benchmarks/qca/eval/xor5R_inverted.dot",
  "placer": "SA",
  "wires": 41,
  "nNodes": 38,
  "tries": 79,
  "swaps": 66,
  "wrongEdges": 23,
  "area": 110,
  "usedAreaPercentage": 0.609091,
  "extraLayers": 1,
  "extraLayersLevels": [9],
  "placement": [-1, -1, -1, -1, -1, -1, -1, -1, -1, -1, -1, -1, -1, 48, 7, 6, 3, -1, -1, -1, -1, -1, -1, -1, 8, 0, 1, 2, -1, 64, 78, 63, 62, -1, 40, 9, 21, 74, 75, -1, -1, -1, -1, 61, -1, 20, -1, 41, 37, 33, -1, 57, 56, -1, 60, 50, 17, 10, 65, -1, 32, 36, 77, 55, -1, 34, 49, 39, 11, 66, -1, -1, 59, 58, 54, 53, 35, -1, 38, 22, 19, -1, -1, -1, -1, 51, 25, 24, -1, 14, 15, 18, -1, -1, -1, 30, 31, -1, -1, 47, 5, 16, -1, -1, -1, 52, 27, 26, -1, -1, 46, 45, 44, 43, 42, 28, 29, -1, -1, -1, -1],
  "n2c": [25, 26, 27, 16, -1, 100, 15, 14, 24, 35, 57, 68, -1, -1, 89, 90, 101, 56, 91, 80, 45, 36, 79, -1, 87, 86, 107, 106, 115, 116, 95, 96, 60, 49, 65, 76, 61, 48, 78, 67, 34, 47, 114, 113, 112, 111, 110, 99, 13, 66, 55, 85, 105, 75, 74, 63, 52, 51, 73, 72, 54, 43, 32, 31, 29, 58, 69, -1, -1, -1, -1, -1, -1, -1, 37, 38, -1, 62, 30]
}
