{
  "success": 0,
  "allPlaced": 0,
  "time": 0.459343,
  "dotName": "xor5R_inverted",
  "dotPath": "/home/jeronimo/Documentos/GIT/PeR/benchmarks/qca/eval/xor5R_inverted.dot",
  "placer": "SA",
  "wires": 55,
  "nNodes": 38,
  "tries": 69,
  "swaps": 55,
  "wrongEdges": 48,
  "area": 96,
  "usedAreaPercentage": 0.583333,
  "extraLayers": 3,
  "extraLayersLevels": [9, 2, 12],
  "placement": [-1, -1, -1, -1, -1, -1, -1, -1, -1, -1, -1, -1, -1, -1, -1, -1, -1, -1, -1, -1, -1, -1, -1, -1, -1, -1, -1, -1, -1, -1, -1, -1, -1, -1, -1, -1, -1, -1, -1, -1, -1, -1, -1, -1, -1, -1, -1, -1, -1, -1, -1, -1, -1, 57, 56, -1, -1, -1, -1, -1, -1, -1, -1, -1, -1, 77, 55, 35, 34, 60, 61, 62, 17, 50, 81, 71, 70, 58, 54, 53, -1, 64, 78, 63, 20, 11, 49, 72, 69, 90, 59, 36, -1, 91, -1, -1, -1, 10, 3, 73, 87, -1, -1, 1, -1, 37, 92, -1, -1, 7, 6, -1, 68, -1, -1, 0, 4, 76, 33, 89, -1, -1, -1, -1, 67, 13, -1, -1, 5, 47, 46, 32, -1, -1, -1, -1, -1, 12, 42, 79, 43, 44, 45, -1],
  "n2c": [115, 103, -1, 98, 116, 128, 110, 109, -1, -1, 97, 85, 137, 125, -1, -1, -1, 72, -1, -1, 84, -1, -1, -1, -1, -1, -1, -1, -1, -1, -1, -1, 131, 118, 68, 67, 91, 105, -1, -1, -1, -1, 138, 140, 141, 142, 130, 129, -1, 86, 73, -1, -1, 79, 78, 66, 54, 53, 77, 90, 69, 70, 71, 83, 81, -1, -1, 124, 112, 88, 76, 75, 87, 99, -1, -1, 117, 65, 82, 139, -1, 74, -1, -1, -1, -1, -1, 100, -1, 119, 89, 93, 106]
}
