{
  "success": 0,
  "time": 1.29448,
  "dotName": "xor5R_inverted",
  "dotPath": "/home/jeronimo/Documentos/GIT/PeR/benchmarks/qca/eval/xor5R_inverted.dot",
  "placer": "SA",
  "wires": 57,
  "nNodes": 38,
  "tries": 71,
  "swaps": 57,
  "wrongEdges": 48,
  "area": 110,
  "usedAreaPercentage": 0.527273,
  "extraLayers": 4,
  "extraLayersLevels": [10, 11, 5, 11],
  "placement": [-1, -1, -1, -1, -1, -1, -1, -1, -1, 22, 38, 39, -1, -1, -1, -1, -1, -1, -1, 40, 20, 11, 3, 49, -1, -1, -1, -1, -1, -1, -1, 9, -1, -1, 6, 50, -1, -1, -1, -1, -1, -1, -1, 8, 48, 84, 7, 17, -1, -1, -1, -1, -1, -1, -1, -1, -1, -1, 85, 16, -1, -1, -1, -1, -1, -1, 62, 63, -1, -1, 10, 87, -1, -1, -1, -1, 0, -1, 61, 64, -1, -1, -1, 15, -1, -1, 59, 36, 1, -1, 60, 93, 75, 79, 32, 14, -1, -1, 80, 56, 55, -1, 89, 77, 91, 33, 4, 5, -1, -1, 76, 57, 54, 35, 34, 81, 37, 94, -1, -1, -1, -1, 92, 58, 88, 53, -1, -1, 82, 78, -1, -1, -1, -1, -1, -1, -1, -1, -1, -1, -1, -1, -1, -1],
  "n2c": [76, 88, -1, 22, 106, 107, 34, 46, 43, 31, 70, 21, -1, -1, 95, 83, 59, 47, -1, -1, 20, -1, 9, -1, -1, -1, -1, -1, -1, -1, -1, -1, 94, 105, 114, 113, 87, 116, 10, 11, 19, -1, -1, -1, -1, -1, -1, -1, 44, 23, 35, -1, -1, 125, 112, 100, 99, 111, 123, 86, 90, 78, 66, 67, 79, -1, -1, -1, -1, -1, -1, -1, -1, -1, -1, 92, 110, 103, 129, 93, 98, 115, 128, -1, 45, 58, -1, 71, 124, 102, -1, 104, 122, 91, 117]
}
