{
  "success": 0,
  "time": 1.22002,
  "dotName": "xor5R_inverted",
  "dotPath": "/home/jeronimo/Documentos/GIT/PeR/benchmarks/qca/eval/xor5R_inverted.dot",
  "placer": "SA",
  "wires": 37,
  "nNodes": 38,
  "tries": 69,
  "swaps": 52,
  "wrongEdges": 33,
  "area": 99,
  "usedAreaPercentage": 0.535354,
  "extraLayers": 0,
  "extraLayersLevels": [],
  "placement": [-1, -1, -1, -1, -1, -1, -1, 63, 62, 61, 60, -1, -1, -1, -1, 6, 3, -1, 64, -1, -1, 34, -1, -1, -1, -1, 7, 2, -1, 59, 58, 53, 35, -1, 40, 9, 8, 48, 33, 32, 36, 57, 54, 26, -1, 20, 15, 41, 21, 37, -1, -1, 56, 55, 27, 50, 17, 18, 65, -1, 74, -1, -1, 24, -1, 52, 49, 39, 19, 66, 0, 1, -1, -1, 25, 28, 29, -1, 38, 22, -1, -1, -1, -1, 31, 51, -1, -1, -1, -1, -1, -1, -1, -1, -1, 30, -1, -1, -1, -1, -1, -1, -1, -1, -1, -1, -1, -1, -1, -1, -1, -1, -1, -1, -1, -1, -1, -1, -1, -1, -1],
  "n2c": [70, 71, 27, 16, -1, -1, 15, 26, 36, 35, -1, -1, -1, -1, -1, 46, -1, 56, 57, 68, 45, 48, 79, -1, 63, 74, 43, 54, 75, 76, 95, 84, 39, 38, 21, 32, 40, 49, 78, 67, 34, 47, -1, -1, -1, -1, -1, -1, 37, 66, 55, 85, 65, 31, 42, 53, 52, 41, 30, 29, 10, 9, 8, 7, 18, 58, 69, -1, -1, -1, -1, -1, -1, -1, 60]
}
