{
  "success": 0,
  "time": 1.23186,
  "dotName": "xor5_r1_inverted",
  "dotPath": "/home/jeronimo/Documentos/GIT/PeR/benchmarks/qca/eval/xor5_r1_inverted.dot",
  "placer": "SA",
  "wires": 38,
  "nNodes": 32,
  "tries": 65,
  "swaps": 54,
  "wrongEdges": 23,
  "area": 121,
  "usedAreaPercentage": 0.454545,
  "extraLayers": 4,
  "extraLayersLevels": [12, 0, 7, 12],
  "placement": [-1, -1, -1, -1, -1, 17, 18, 51, 50, 49, 20, -1, -1, -1, -1, -1, 16, 19, 25, -1, 21, 58, -1, -1, -1, -1, -1, -1, -1, -1, -1, 59, -1, -1, -1, -1, 5, 57, 4, -1, -1, -1, 44, -1, -1, -1, 42, 56, -1, 23, 48, 47, 46, 45, -1, 40, 66, 41, 38, -1, 67, 69, 1, 0, -1, -1, 39, 27, 8, 7, 2, 22, 43, -1, -1, -1, -1, -1, 26, 9, 6, 55, 29, 30, -1, -1, -1, -1, -1, 34, 33, 54, 3, 28, -1, -1, -1, -1, -1, -1, 65, 35, 36, 37, 31, -1, -1, -1, -1, -1, -1, -1, -1, -1, -1, 68, -1, -1, -1, -1, -1],
  "n2c": [63, 62, 70, 92, 38, 36, 80, 69, 68, 79, -1, -1, -1, -1, -1, -1, 16, 5, 6, 17, 10, 20, 71, 49, -1, 18, 78, 67, 93, 82, 83, 104, -1, 90, 89, 101, 102, 103, 58, 66, 55, 57, 46, 72, 42, 53, 52, 51, 50, 9, 8, 7, -1, -1, 91, 81, 47, 37, 21, 31, -1, -1, -1, -1, -1, 100, 56, 60, 115, 61]
}
