{
  "success": 0,
  "time": 1.32483,
  "dotName": "xor5R_inverted",
  "dotPath": "/home/jeronimo/Documentos/GIT/PeR/benchmarks/qca/eval/xor5R_inverted.dot",
  "placer": "SA",
  "wires": 45,
  "nNodes": 38,
  "tries": 67,
  "swaps": 57,
  "wrongEdges": 36,
  "area": 144,
  "usedAreaPercentage": 0.402778,
  "extraLayers": 2,
  "extraLayersLevels": [10, 11],
  "placement": [-1, -1, -1, -1, -1, -1, -1, 44, 43, 42, 12, -1, -1, -1, -1, -1, -1, -1, -1, 45, -1, -1, 13, 67, -1, 79, 75, 33, 4, 5, 47, 46, -1, -1, -1, 68, -1, 32, 36, 78, -1, -1, -1, -1, -1, -1, -1, 69, -1, -1, 59, 82, -1, -1, -1, -1, -1, 72, 71, 70, 58, 76, 80, -1, -1, -1, -1, -1, -1, 73, -1, -1, 57, -1, -1, -1, -1, -1, -1, -1, -1, 3, 6, -1, 56, -1, -1, -1, -1, -1, -1, -1, -1, -1, 7, -1, 55, -1, -1, -1, -1, -1, -1, -1, -1, -1, 10, -1, 54, -1, -1, -1, -1, -1, -1, 41, 65, 66, 11, -1, 53, 0, 1, 74, 37, 81, 77, 40, -1, 19, 22, -1, 35, 34, 60, 61, 62, 63, 64, 9, -1, -1, -1, -1],
  "n2c": [121, 122, -1, 81, 28, 29, 82, 94, -1, 139, 106, 118, 10, 22, -1, -1, -1, -1, -1, 129, -1, -1, 130, -1, -1, -1, -1, -1, -1, -1, -1, -1, 37, 27, 133, 132, 38, 124, -1, -1, 127, 115, 9, 8, 7, 19, 31, 30, -1, -1, -1, -1, -1, 120, 108, 96, 84, 72, 60, 50, 134, 135, 136, 137, 138, 116, 117, 23, 35, 47, 59, 58, 57, 69, 123, 26, 61, 126, 39, 25, 62, 125, 51]
}
