{
  "success": 0,
  "allPlaced": 0,
  "time": 0.354204,
  "dotName": "xor5R_inverted",
  "dotPath": "/home/jeronimo/Documentos/GIT/PeR/benchmarks/qca/eval/xor5R_inverted.dot",
  "placer": "SA",
  "wires": 37,
  "nNodes": 38,
  "tries": 65,
  "swaps": 51,
  "wrongEdges": 33,
  "area": 121,
  "usedAreaPercentage": 0.429752,
  "extraLayers": 0,
  "extraLayersLevels": [],
  "placement": [28, -1, -1, -1, -1, -1, -1, -1, -1, -1, -1, 29, 52, 27, 26, -1, -1, -1, -1, -1, -1, -1, -1, -1, 30, 31, -1, -1, -1, -1, -1, -1, 48, -1, -1, -1, 51, 25, 24, -1, -1, -1, -1, 8, -1, -1, -1, 54, 53, 35, -1, -1, -1, -1, 9, -1, -1, -1, 55, -1, 34, -1, -1, -1, -1, 40, -1, 58, 57, 56, -1, 60, -1, -1, -1, 65, 41, -1, 59, 36, -1, -1, 61, -1, -1, -1, 66, 19, -1, -1, 32, 64, 63, 62, -1, -1, -1, -1, 22, -1, -1, 33, 37, 74, 1, 0, 20, 17, -1, 38, -1, -1, 2, 3, 6, 7, 10, 11, 50, 49, 39],
  "n2c": [105, 104, 112, 113, -1, -1, 114, 115, 43, 54, 116, 117, -1, -1, -1, -1, -1, 107, -1, 87, 106, -1, 98, -1, 38, 37, 14, 13, 0, 11, 24, 25, 90, 101, 60, 49, 79, 102, 109, 120, 65, 76, -1, -1, -1, -1, -1, -1, 32, 119, 118, 36, 12, 48, 47, 58, 69, 68, 67, 78, 71, 82, 93, 92, 91, 75, 86, -1, -1, -1, -1, -1, -1, -1, 103]
}
