{
  "success": 0,
  "allPlaced": 0,
  "time": 0.361537,
  "dotName": "xor5R_inverted",
  "dotPath": "/home/jeronimo/Documentos/GIT/PeR/benchmarks/qca/eval/xor5R_inverted.dot",
  "placer": "SA",
  "wires": 51,
  "nNodes": 38,
  "tries": 83,
  "swaps": 67,
  "wrongEdges": 32,
  "area": 132,
  "usedAreaPercentage": 0.515152,
  "extraLayers": 2,
  "extraLayersLevels": [9, 2],
  "placement": [-1, 0, 1, 74, 37, -1, -1, -1, 28, -1, -1, -1, -1, -1, 4, 76, 33, 32, -1, -1, 29, 52, 27, 88, -1, -1, 5, 47, 46, 36, 59, 58, 77, -1, 30, 26, -1, -1, -1, -1, 45, -1, -1, -1, 57, -1, 31, 51, -1, -1, -1, -1, 44, -1, -1, -1, 56, 24, 85, 25, -1, -1, -1, -1, 43, -1, -1, -1, 55, 35, 34, 60, -1, -1, -1, -1, 79, 42, 12, -1, 54, 53, -1, 61, -1, -1, -1, -1, -1, -1, 13, 67, 68, 87, 64, 62, -1, -1, -1, -1, 11, 20, 80, 40, -1, 69, 78, 63, -1, -1, -1, -1, 22, 19, -1, 83, -1, 70, 71, 72, -1, -1, -1, -1, -1, -1, -1, 9, -1, -1, 3, 73, -1, -1, -1, -1, -1, -1, -1, 8, 48, 7, 6, -1],
  "n2c": [1, 2, -1, 130, 14, 26, 142, 141, 139, 127, -1, 100, 78, 90, -1, -1, -1, -1, -1, 113, 101, -1, 112, -1, 57, 59, 35, 22, 8, 20, 34, 46, 17, 16, 70, 69, 29, 4, -1, -1, 103, -1, 77, 64, 52, 40, 28, 27, 140, -1, -1, 47, 21, 81, 80, 68, 56, 44, 31, 30, 71, 83, 95, 107, 94, -1, -1, 91, 92, 105, 117, 118, 119, 131, 3, -1, 15, 32, 106, 76, 102, -1, -1, 115, -1, 58, -1, 93, 23]
}
