{
  "success": 0,
  "time": 1.14147,
  "dotName": "xor5R_inverted",
  "dotPath": "/home/jeronimo/Documentos/GIT/PeR/benchmarks/qca/eval/xor5R_inverted.dot",
  "placer": "SA",
  "wires": 41,
  "nNodes": 38,
  "tries": 58,
  "swaps": 48,
  "wrongEdges": 41,
  "area": 99,
  "usedAreaPercentage": 0.494949,
  "extraLayers": 1,
  "extraLayersLevels": [10],
  "placement": [-1, -1, -1, -1, -1, 77, 64, 63, 62, 61, 60, 0, -1, -1, -1, 78, 37, -1, -1, -1, -1, 34, 1, 36, 32, 75, 33, 74, -1, 76, 58, 53, 35, -1, -1, 47, 5, 4, -1, -1, 59, 57, 54, 24, -1, -1, 46, -1, -1, -1, -1, -1, 56, 55, 25, -1, -1, 45, -1, -1, -1, -1, -1, -1, 29, 28, -1, -1, 44, -1, -1, -1, -1, 26, 27, 52, -1, -1, -1, 43, 13, 67, 68, -1, -1, 30, -1, -1, -1, -1, 42, 12, 70, 69, -1, 51, 31, -1, -1, -1, -1, -1, -1, -1, -1, -1, -1, -1, -1, -1, -1, -1, -1, -1, -1, -1, -1, -1, -1, -1, -1],
  "n2c": [11, 22, -1, -1, 37, 36, -1, -1, -1, -1, -1, -1, 91, 80, -1, -1, -1, -1, -1, -1, -1, -1, -1, -1, 43, 54, 73, 74, 65, 64, 85, 96, 24, 26, 21, 32, 23, 16, -1, -1, -1, -1, 90, 79, 68, 57, 46, 35, -1, -1, -1, 95, 75, 31, 42, 53, 52, 41, 30, 40, 10, 9, 8, 7, 6, -1, -1, 81, 82, 93, 92, -1, -1, -1, 27, 25, 29, 5, 15]
}
