{
  "success": 0,
  "time": 1.08022,
  "dotName": "xor5_r1_inverted",
  "dotPath": "/home/jeronimo/Documentos/GIT/PeR/benchmarks/qca/eval/xor5_r1_inverted.dot",
  "placer": "SA",
  "wires": 36,
  "nNodes": 32,
  "tries": 61,
  "swaps": 49,
  "wrongEdges": 26,
  "area": 99,
  "usedAreaPercentage": 0.50505,
  "extraLayers": 3,
  "extraLayersLevels": [12, 0, 7],
  "placement": [-1, -1, -1, -1, -1, 23, 48, 47, 46, -1, -1, -1, -1, -1, -1, -1, -1, 59, 44, 45, -1, -1, -1, -1, -1, 49, 20, 58, 21, -1, -1, -1, -1, -1, -1, 37, 50, 51, 25, -1, -1, -1, -1, -1, -1, -1, 36, 32, 64, 24, -1, -1, -1, -1, -1, -1, -1, 35, 29, 28, 31, -1, -1, -1, -1, -1, -1, -1, 65, 30, 42, 1, -1, -1, -1, -1, -1, -1, -1, 34, 43, 41, 0, -1, -1, -1, -1, -1, -1, -1, 26, -1, 66, -1, -1, -1, -1, -1, 2, -1, -1, 27, 39, 40, 5, 57, 4, -1, 3, 55, -1, -1, 6, 7, 38, 56, 8, 9, 33, 54, -1],
  "n2c": [82, 71, 98, 108, 106, 104, 112, 113, 116, 117, -1, -1, -1, -1, -1, -1, -1, -1, -1, -1, 26, 28, -1, 5, 49, 38, 90, 101, 59, 58, 69, 60, 47, 118, 79, 57, 46, 35, 114, 102, 103, 81, 70, 80, 18, 19, 8, 7, 6, 25, 36, 37, -1, -1, 119, 109, 115, 105, 27, 17, -1, -1, -1, -1, 48, 68, 92, -1]
}
