{
  "success": 0,
  "allPlaced": 0,
  "time": 0.429736,
  "dotName": "xor5_r1_inverted",
  "dotPath": "/home/jeronimo/Documentos/GIT/PeR/benchmarks/qca/eval/xor5_r1_inverted.dot",
  "placer": "SA",
  "wires": 43,
  "nNodes": 32,
  "tries": 70,
  "swaps": 57,
  "wrongEdges": 25,
  "area": 110,
  "usedAreaPercentage": 0.527273,
  "extraLayers": 4,
  "extraLayersLevels": [11, 8, 3, 1],
  "placement": [-1, 54, 1, -1, -1, 57, 42, -1, -1, -1, -1, -1, 0, 31, -1, 58, 30, 41, -1, 26, 34, -1, -1, -1, 28, 55, 29, 43, 40, 39, 27, 35, 37, 64, 51, 18, 23, 22, -1, -1, -1, 61, 36, 56, 50, 25, 19, -1, -1, -1, -1, -1, 6, -1, -1, 49, 24, 44, 69, -1, -1, 38, 67, 7, -1, -1, 70, 20, 21, 45, -1, 4, 5, -1, -1, -1, -1, -1, -1, -1, 46, -1, 66, -1, 3, 2, 68, -1, -1, 48, 47, 63, -1, 9, 65, 33, -1, -1, -1, -1, -1, -1, -1, -1, 8, 62, -1, -1, -1, -1, -1, -1, -1, -1, -1, -1, -1, -1, -1, -1, -1],
  "n2c": [12, 2, 85, 84, 71, 72, 52, 63, 104, 93, -1, -1, -1, -1, -1, -1, -1, -1, 35, 46, 67, 68, 37, 36, 56, 45, 19, 30, 24, 26, 16, 13, -1, 95, 20, 31, 42, 32, 61, 29, 28, 17, 6, 27, 57, 69, 80, 90, 89, 55, 44, 34, -1, -1, 1, 25, 43, 5, 15, -1, -1, 41, 105, 91, 33, 94, 82, 62, 86, 58, 66, -1, -1, -1, -1]
}
